timestamp,open,high,low,close,volume,symbol,source,timeframe
2021-12-21 00:00:00+00:00,5050.25,5050.25,5050.25,5050.25,0.0,ES,IBKR,D
2021-12-22 00:00:00+00:00,5100.25,5100.25,5100.25,5100.25,0.0,ES,IBKR,D
2021-12-23 00:00:00+00:00,5135.0,5135.0,5135.0,5135.0,0.0,ES,IBKR,D
2021-12-27 00:00:00+00:00,5207.25,5207.25,5207.25,5207.25,0.0,ES,IBKR,D
2021-12-28 00:00:00+00:00,5208.5,5208.5,5208.5,5208.5,0.0,ES,IBKR,D
2021-12-29 00:00:00+00:00,5217.0,5217.0,5217.0,5217.0,0.0,ES,IBKR,D
2021-12-30 00:00:00+00:00,5201.75,5201.75,5201.75,5201.75,0.0,ES,IBKR,D
2021-12-31 00:00:00+00:00,5186.75,5186.75,5186.75,5186.75,0.0,ES,IBKR,D
2022-01-03 00:00:00+00:00,5223.0,5223.0,5223.0,5223.0,0.0,ES,IBKR,D
2022-01-04 00:00:00+00:00,5225.25,5225.25,5225.25,5225.25,0.0,ES,IBKR,D
2022-01-05 00:00:00+00:00,5124.25,5124.25,5124.25,5124.25,0.0,ES,IBKR,D
2022-01-06 00:00:00+00:00,5122.25,5122.25,5122.25,5122.25,0.0,ES,IBKR,D
2022-01-07 00:00:00+00:00,5102.5,5102.5,5102.5,5102.5,0.0,ES,IBKR,D
2022-01-10 00:00:00+00:00,5097.5,5097.5,5097.5,5097.5,0.0,ES,IBKR,D
2022-01-11 00:00:00+00:00,5140.75,5140.75,5140.75,5140.75,0.0,ES,IBKR,D
2022-01-12 00:00:00+00:00,5154.5,5154.5,5154.5,5154.5,0.0,ES,IBKR,D
2022-01-13 00:00:00+00:00,5079.5,5079.5,5079.5,5079.5,0.0,ES,IBKR,D
2022-01-14 00:00:00+00:00,5096.75,5096.75,5096.75,5096.75,0.0,ES,IBKR,D
2022-01-18 00:00:00+00:00,4997.75,4997.75,4997.75,4997.75,0.0,ES,IBKR,D
2022-01-19 00:00:00+00:00,4947.75,4947.75,4947.75,4947.75,0.0,ES,IBKR,D
2022-01-20 00:00:00+00:00,4893.5,4893.5,4893.5,4893.5,0.0,ES,IBKR,D
2022-01-21 00:00:00+00:00,4799.75,4799.75,4799.75,4799.75,0.0,ES,IBKR,D
2022-01-24 00:00:00+00:00,4811.75,4811.75,4811.75,4811.75,0.0,ES,IBKR,D
2022-01-25 00:00:00+00:00,4749.25,4749.25,4749.25,4749.25,0.0,ES,IBKR,D
2022-01-26 00:00:00+00:00,4744.0,4744.0,4744.0,4744.0,0.0,ES,IBKR,D
2022-01-27 00:00:00+00:00,4716.5,4716.5,4716.5,4716.5,0.0,ES,IBKR,D
2022-01-28 00:00:00+00:00,4839.0,4839.0,4839.0,4839.0,0.0,ES,IBKR,D
2022-01-31 00:00:00+00:00,4938.25,4938.25,4938.25,4938.25,0.0,ES,IBKR,D
2022-02-01 00:00:00+00:00,4975.25,4975.25,4975.25,4975.25,0.0,ES,IBKR,D
2022-02-02 00:00:00+00:00,5020.0,5020.0,5020.0,5020.0,0.0,ES,IBKR,D
2022-02-03 00:00:00+00:00,4900.75,4900.75,4900.75,4900.75,0.0,ES,IBKR,D
2022-02-04 00:00:00+00:00,4942.0,4942.0,4942.0,4942.0,0.0,ES,IBKR,D
2022-02-07 00:00:00+00:00,4918.25,4918.25,4918.25,4918.25,0.0,ES,IBKR,D
2022-02-08 00:00:00+00:00,4963.75,4963.75,4963.75,4963.75,0.0,ES,IBKR,D
2022-02-09 00:00:00+00:00,5036.75,5036.75,5036.75,5036.75,0.0,ES,IBKR,D
2022-02-10 00:00:00+00:00,4966.0,4966.0,4966.0,4966.0,0.0,ES,IBKR,D
2022-02-11 00:00:00+00:00,4870.0,4870.0,4870.0,4870.0,0.0,ES,IBKR,D
2022-02-14 00:00:00+00:00,4854.75,4854.75,4854.75,4854.75,0.0,ES,IBKR,D
2022-02-15 00:00:00+00:00,4927.5,4927.5,4927.5,4927.5,0.0,ES,IBKR,D
2022-02-16 00:00:00+00:00,4931.75,4931.75,4931.75,4931.75,0.0,ES,IBKR,D
2022-02-17 00:00:00+00:00,4826.25,4826.25,4826.25,4826.25,0.0,ES,IBKR,D
2022-02-18 00:00:00+00:00,4786.0,4786.0,4786.0,4786.0,0.0,ES,IBKR,D
2022-02-22 00:00:00+00:00,4748.0,4748.0,4748.0,4748.0,0.0,ES,IBKR,D
2022-02-23 00:00:00+00:00,4661.5,4661.5,4661.5,4661.5,0.0,ES,IBKR,D
2022-02-24 00:00:00+00:00,4721.25,4721.25,4721.25,4721.25,0.0,ES,IBKR,D
2022-02-25 00:00:00+00:00,4827.75,4827.75,4827.75,4827.75,0.0,ES,IBKR,D
2022-02-28 00:00:00+00:00,4800.5,4800.5,4800.5,4800.5,0.0,ES,IBKR,D
2022-03-01 00:00:00+00:00,4708.5,4708.5,4708.5,4708.5,0.0,ES,IBKR,D
2022-03-02 00:00:00+00:00,4822.75,4822.75,4822.75,4822.75,0.0,ES,IBKR,D
2022-03-03 00:00:00+00:00,4801.0,4801.0,4801.0,4801.0,0.0,ES,IBKR,D
2022-03-04 00:00:00+00:00,4766.75,4766.75,4766.75,4766.75,0.0,ES,IBKR,D
2022-03-07 00:00:00+00:00,4619.75,4619.75,4619.75,4619.75,0.0,ES,IBKR,D
2022-03-08 00:00:00+00:00,4603.5,4603.5,4603.5,4603.5,0.0,ES,IBKR,D
2022-03-09 00:00:00+00:00,4726.5,4726.5,4726.5,4726.5,0.0,ES,IBKR,D
2022-03-10 00:00:00+00:00,4705.75,4705.75,4705.75,4705.75,0.0,ES,IBKR,D
2022-03-11 00:00:00+00:00,4646.0,4646.0,4646.0,4646.0,0.0,ES,IBKR,D
2022-03-14 00:00:00+00:00,4629.5,4629.5,4629.5,4629.5,0.0,ES,IBKR,D
2022-03-15 00:00:00+00:00,4726.5,4726.5,4726.5,4726.5,0.0,ES,IBKR,D
2022-03-16 00:00:00+00:00,4839.0,4839.0,4839.0,4839.0,0.0,ES,IBKR,D
2022-03-17 00:00:00+00:00,4895.5,4895.5,4895.5,4895.5,0.0,ES,IBKR,D
2022-03-18 00:00:00+00:00,4952.75,4952.75,4952.75,4952.75,0.0,ES,IBKR,D
2022-03-21 00:00:00+00:00,4959.25,4959.25,4959.25,4959.25,0.0,ES,IBKR,D
2022-03-22 00:00:00+00:00,5030.0,5030.0,5030.0,5030.0,0.0,ES,IBKR,D
2022-03-23 00:00:00+00:00,4964.75,4964.75,4964.75,4964.75,0.0,ES,IBKR,D
2022-03-24 00:00:00+00:00,5038.75,5038.75,5038.75,5038.75,0.0,ES,IBKR,D
2022-03-25 00:00:00+00:00,5080.0,5080.0,5080.0,5080.0,0.0,ES,IBKR,D
2022-03-28 00:00:00+00:00,5120.5,5120.5,5120.5,5120.5,0.0,ES,IBKR,D
2022-03-29 00:00:00+00:00,5185.25,5185.25,5185.25,5185.25,0.0,ES,IBKR,D
2022-03-30 00:00:00+00:00,5147.75,5147.75,5147.75,5147.75,0.0,ES,IBKR,D
2022-03-31 00:00:00+00:00,5070.25,5070.25,5070.25,5070.25,0.0,ES,IBKR,D
2022-04-01 00:00:00+00:00,5086.0,5086.0,5086.0,5086.0,0.0,ES,IBKR,D
2022-04-04 00:00:00+00:00,5128.5,5128.5,5128.5,5128.5,0.0,ES,IBKR,D
2022-04-05 00:00:00+00:00,5080.5,5080.5,5080.5,5080.5,0.0,ES,IBKR,D
2022-04-06 00:00:00+00:00,5031.5,5031.5,5031.5,5031.5,0.0,ES,IBKR,D
2022-04-07 00:00:00+00:00,5048.0,5048.0,5048.0,5048.0,0.0,ES,IBKR,D
2022-04-08 00:00:00+00:00,5045.5,5045.5,5045.5,5045.5,0.0,ES,IBKR,D
2022-04-11 00:00:00+00:00,4953.0,4953.0,4953.0,4953.0,0.0,ES,IBKR,D
2022-04-12 00:00:00+00:00,4921.25,4921.25,4921.25,4921.25,0.0,ES,IBKR,D
2022-04-13 00:00:00+00:00,4975.5,4975.5,4975.5,4975.5,0.0,ES,IBKR,D
2022-04-14 00:00:00+00:00,4927.75,4927.75,4927.75,4927.75,0.0,ES,IBKR,D
2022-04-18 00:00:00+00:00,4928.0,4928.0,4928.0,4928.0,0.0,ES,IBKR,D
2022-04-19 00:00:00+00:00,5015.0,5015.0,5015.0,5015.0,0.0,ES,IBKR,D
2022-04-20 00:00:00+00:00,5011.5,5011.5,5011.5,5011.5,0.0,ES,IBKR,D
2022-04-21 00:00:00+00:00,4946.25,4946.25,4946.25,4946.25,0.0,ES,IBKR,D
2022-04-22 00:00:00+00:00,4813.5,4813.5,4813.5,4813.5,0.0,ES,IBKR,D
2022-04-25 00:00:00+00:00,4828.75,4828.75,4828.75,4828.75,0.0,ES,IBKR,D
2022-04-26 00:00:00+00:00,4681.75,4681.75,4681.75,4681.75,0.0,ES,IBKR,D
2022-04-27 00:00:00+00:00,4708.0,4708.0,4708.0,4708.0,0.0,ES,IBKR,D
2022-04-28 00:00:00+00:00,4813.5,4813.5,4813.5,4813.5,0.0,ES,IBKR,D
2022-04-29 00:00:00+00:00,4655.75,4655.75,4655.75,4655.75,0.0,ES,IBKR,D
2022-05-02 00:00:00+00:00,4668.75,4668.75,4668.75,4668.75,0.0,ES,IBKR,D
2022-05-03 00:00:00+00:00,4690.5,4690.5,4690.5,4690.5,0.0,ES,IBKR,D
2022-05-04 00:00:00+00:00,4826.5,4826.5,4826.5,4826.5,0.0,ES,IBKR,D
2022-05-05 00:00:00+00:00,4650.25,4650.25,4650.25,4650.25,0.0,ES,IBKR,D
2022-05-06 00:00:00+00:00,4634.0,4634.0,4634.0,4634.0,0.0,ES,IBKR,D
2022-05-09 00:00:00+00:00,4473.0,4473.0,4473.0,4473.0,0.0,ES,IBKR,D
2022-05-10 00:00:00+00:00,4483.75,4483.75,4483.75,4483.75,0.0,ES,IBKR,D
2022-05-11 00:00:00+00:00,4410.75,4410.75,4410.75,4410.75,0.0,ES,IBKR,D
2022-05-12 00:00:00+00:00,4394.5,4394.5,4394.5,4394.5,0.0,ES,IBKR,D
2022-05-13 00:00:00+00:00,4498.0,4498.0,4498.0,4498.0,0.0,ES,IBKR,D
2022-05-16 00:00:00+00:00,4487.0,4487.0,4487.0,4487.0,0.0,ES,IBKR,D
2022-05-17 00:00:00+00:00,4582.75,4582.75,4582.75,4582.75,0.0,ES,IBKR,D
2022-05-18 00:00:00+00:00,4403.25,4403.25,4403.25,4403.25,0.0,ES,IBKR,D
2022-05-19 00:00:00+00:00,4375.0,4375.0,4375.0,4375.0,0.0,ES,IBKR,D
2022-05-20 00:00:00+00:00,4365.25,4365.25,4365.25,4365.25,0.0,ES,IBKR,D
2022-05-23 00:00:00+00:00,4430.5,4430.5,4430.5,4430.5,0.0,ES,IBKR,D
2022-05-24 00:00:00+00:00,4402.25,4402.25,4402.25,4402.25,0.0,ES,IBKR,D
2022-05-25 00:00:00+00:00,4442.5,4442.5,4442.5,4442.5,0.0,ES,IBKR,D
2022-05-26 00:00:00+00:00,4529.5,4529.5,4529.5,4529.5,0.0,ES,IBKR,D
2022-05-27 00:00:00+00:00,4639.25,4639.25,4639.25,4639.25,0.0,ES,IBKR,D
2022-05-31 00:00:00+00:00,4625.25,4625.25,4625.25,4625.25,0.0,ES,IBKR,D
2022-06-01 00:00:00+00:00,4597.0,4597.0,4597.0,4597.0,0.0,ES,IBKR,D
2022-06-02 00:00:00+00:00,4680.75,4680.75,4680.75,4680.75,0.0,ES,IBKR,D
2022-06-03 00:00:00+00:00,4607.75,4607.75,4607.75,4607.75,0.0,ES,IBKR,D
2022-06-06 00:00:00+00:00,4623.0,4623.0,4623.0,4623.0,0.0,ES,IBKR,D
2022-06-07 00:00:00+00:00,4664.5,4664.5,4664.5,4664.5,0.0,ES,IBKR,D
2022-06-08 00:00:00+00:00,4615.5,4615.5,4615.5,4615.5,0.0,ES,IBKR,D
2022-06-09 00:00:00+00:00,4507.75,4507.75,4507.75,4507.75,0.0,ES,IBKR,D
2022-06-10 00:00:00+00:00,4396.75,4396.75,4396.75,4396.75,0.0,ES,IBKR,D
2022-06-13 00:00:00+00:00,4244.5,4244.5,4244.5,4244.5,0.0,ES,IBKR,D
2022-06-14 00:00:00+00:00,4233.5,4233.5,4233.5,4233.5,0.0,ES,IBKR,D
2022-06-15 00:00:00+00:00,4282.5,4282.5,4282.5,4282.5,0.0,ES,IBKR,D
2022-06-16 00:00:00+00:00,4148.75,4148.75,4148.75,4148.75,0.0,ES,IBKR,D
2022-06-17 00:00:00+00:00,4143.25,4143.25,4143.25,4143.25,0.0,ES,IBKR,D
2022-06-21 00:00:00+00:00,4246.5,4246.5,4246.5,4246.5,0.0,ES,IBKR,D
2022-06-22 00:00:00+00:00,4229.25,4229.25,4229.25,4229.25,0.0,ES,IBKR,D
2022-06-23 00:00:00+00:00,4268.25,4268.25,4268.25,4268.25,0.0,ES,IBKR,D
2022-06-24 00:00:00+00:00,4395.75,4395.75,4395.75,4395.75,0.0,ES,IBKR,D
2022-06-27 00:00:00+00:00,4382.5,4382.5,4382.5,4382.5,0.0,ES,IBKR,D
2022-06-28 00:00:00+00:00,4307.5,4307.5,4307.5,4307.5,0.0,ES,IBKR,D
2022-06-29 00:00:00+00:00,4285.75,4285.75,4285.75,4285.75,0.0,ES,IBKR,D
2022-06-30 00:00:00+00:00,4248.75,4248.75,4248.75,4248.75,0.0,ES,IBKR,D
2022-07-01 00:00:00+00:00,4283.5,4283.5,4283.5,4283.5,0.0,ES,IBKR,D
2022-07-04 00:00:00+00:00,4283.5,4283.5,4283.5,4283.5,0.0,ES,IBKR,D
2022-07-05 00:00:00+00:00,4286.75,4286.75,4286.75,4286.75,0.0,ES,IBKR,D
2022-07-06 00:00:00+00:00,4311.75,4311.75,4311.75,4311.75,0.0,ES,IBKR,D
2022-07-07 00:00:00+00:00,4381.0,4381.0,4381.0,4381.0,0.0,ES,IBKR,D
2022-07-08 00:00:00+00:00,4383.0,4383.0,4383.0,4383.0,0.0,ES,IBKR,D
2022-07-11 00:00:00+00:00,4330.25,4330.25,4330.25,4330.25,0.0,ES,IBKR,D
2022-07-12 00:00:00+00:00,4277.0,4277.0,4277.0,4277.0,0.0,ES,IBKR,D
2022-07-13 00:00:00+00:00,4261.75,4261.75,4261.75,4261.75,0.0,ES,IBKR,D
2022-07-14 00:00:00+00:00,4253.0,4253.0,4253.0,4253.0,0.0,ES,IBKR,D
2022-07-15 00:00:00+00:00,4337.0,4337.0,4337.0,4337.0,0.0,ES,IBKR,D
2022-07-18 00:00:00+00:00,4302.0,4302.0,4302.0,4302.0,0.0,ES,IBKR,D
2022-07-19 00:00:00+00:00,4428.25,4428.25,4428.25,4428.25,0.0,ES,IBKR,D
2022-07-20 00:00:00+00:00,4456.5,4456.5,4456.5,4456.5,0.0,ES,IBKR,D
2022-07-21 00:00:00+00:00,4498.0,4498.0,4498.0,4498.0,0.0,ES,IBKR,D
2022-07-22 00:00:00+00:00,4445.75,4445.75,4445.75,4445.75,0.0,ES,IBKR,D
2022-07-25 00:00:00+00:00,4452.25,4452.25,4452.25,4452.25,0.0,ES,IBKR,D
2022-07-26 00:00:00+00:00,4400.0,4400.0,4400.0,4400.0,0.0,ES,IBKR,D
2022-07-27 00:00:00+00:00,4508.75,4508.75,4508.75,4508.75,0.0,ES,IBKR,D
2022-07-28 00:00:00+00:00,4562.0,4562.0,4562.0,4562.0,0.0,ES,IBKR,D
2022-07-29 00:00:00+00:00,4628.5,4628.5,4628.5,4628.5,0.0,ES,IBKR,D
2022-08-01 00:00:00+00:00,4625.25,4625.25,4625.25,4625.25,0.0,ES,IBKR,D
2022-08-02 00:00:00+00:00,4609.0,4609.0,4609.0,4609.0,0.0,ES,IBKR,D
2022-08-03 00:00:00+00:00,4672.0,4672.0,4672.0,4672.0,0.0,ES,IBKR,D
2022-08-04 00:00:00+00:00,4666.5,4666.5,4666.5,4666.5,0.0,ES,IBKR,D
2022-08-05 00:00:00+00:00,4672.0,4672.0,4672.0,4672.0,0.0,ES,IBKR,D
2022-08-08 00:00:00+00:00,4666.5,4666.5,4666.5,4666.5,0.0,ES,IBKR,D
2022-08-09 00:00:00+00:00,4653.5,4653.5,4653.5,4653.5,0.0,ES,IBKR,D
2022-08-10 00:00:00+00:00,4742.75,4742.75,4742.75,4742.75,0.0,ES,IBKR,D
2022-08-11 00:00:00+00:00,4742.75,4742.75,4742.75,4742.75,0.0,ES,IBKR,D
2022-08-12 00:00:00+00:00,4824.25,4824.25,4824.25,4824.25,0.0,ES,IBKR,D
2022-08-15 00:00:00+00:00,4841.75,4841.75,4841.75,4841.75,0.0,ES,IBKR,D
2022-08-16 00:00:00+00:00,4852.5,4852.5,4852.5,4852.5,0.0,ES,IBKR,D
2022-08-17 00:00:00+00:00,4820.0,4820.0,4820.0,4820.0,0.0,ES,IBKR,D
2022-08-18 00:00:00+00:00,4829.75,4829.75,4829.75,4829.75,0.0,ES,IBKR,D
2022-08-19 00:00:00+00:00,4774.25,4774.25,4774.25,4774.25,0.0,ES,IBKR,D
2022-08-22 00:00:00+00:00,4676.25,4676.25,4676.25,4676.25,0.0,ES,IBKR,D
2022-08-23 00:00:00+00:00,4664.5,4664.5,4664.5,4664.5,0.0,ES,IBKR,D
2022-08-24 00:00:00+00:00,4678.5,4678.5,4678.5,4678.5,0.0,ES,IBKR,D
2022-08-25 00:00:00+00:00,4742.75,4742.75,4742.75,4742.75,0.0,ES,IBKR,D
2022-08-26 00:00:00+00:00,4586.0,4586.0,4586.0,4586.0,0.0,ES,IBKR,D
2022-08-29 00:00:00+00:00,4556.75,4556.75,4556.75,4556.75,0.0,ES,IBKR,D
2022-08-30 00:00:00+00:00,4503.25,4503.25,4503.25,4503.25,0.0,ES,IBKR,D
2022-08-31 00:00:00+00:00,4469.5,4469.5,4469.5,4469.5,0.0,ES,IBKR,D
2022-09-01 00:00:00+00:00,4482.75,4482.75,4482.75,4482.75,0.0,ES,IBKR,D
2022-09-02 00:00:00+00:00,4432.75,4432.75,4432.75,4432.75,0.0,ES,IBKR,D
2022-09-05 00:00:00+00:00,4432.75,4432.75,4432.75,4432.75,0.0,ES,IBKR,D
2022-09-06 00:00:00+00:00,4418.5,4418.5,4418.5,4418.5,0.0,ES,IBKR,D
2022-09-07 00:00:00+00:00,4494.75,4494.75,4494.75,4494.75,0.0,ES,IBKR,D
2022-09-08 00:00:00+00:00,4528.5,4528.5,4528.5,4528.5,0.0,ES,IBKR,D
2022-09-09 00:00:00+00:00,4599.0,4599.0,4599.0,4599.0,0.0,ES,IBKR,D
2022-09-12 00:00:00+00:00,4648.0,4648.0,4648.0,4648.0,0.0,ES,IBKR,D
2022-09-13 00:00:00+00:00,4461.0,4461.0,4461.0,4461.0,0.0,ES,IBKR,D
2022-09-14 00:00:00+00:00,4480.5,4480.5,4480.5,4480.5,0.0,ES,IBKR,D
2022-09-15 00:00:00+00:00,4430.5,4430.5,4430.5,4430.5,0.0,ES,IBKR,D
2022-09-16 00:00:00+00:00,4399.0,4399.0,4399.0,4399.0,0.0,ES,IBKR,D
2022-09-19 00:00:00+00:00,4429.25,4429.25,4429.25,4429.25,0.0,ES,IBKR,D
2022-09-20 00:00:00+00:00,4380.5,4380.5,4380.5,4380.5,0.0,ES,IBKR,D
2022-09-21 00:00:00+00:00,4311.75,4311.75,4311.75,4311.75,0.0,ES,IBKR,D
2022-09-22 00:00:00+00:00,4274.75,4274.75,4274.75,4274.75,0.0,ES,IBKR,D
2022-09-23 00:00:00+00:00,4205.25,4205.25,4205.25,4205.25,0.0,ES,IBKR,D
2022-09-26 00:00:00+00:00,4161.75,4161.75,4161.75,4161.75,0.0,ES,IBKR,D
2022-09-27 00:00:00+00:00,4150.75,4150.75,4150.75,4150.75,0.0,ES,IBKR,D
2022-09-28 00:00:00+00:00,4221.5,4221.5,4221.5,4221.5,0.0,ES,IBKR,D
2022-09-29 00:00:00+00:00,4135.5,4135.5,4135.5,4135.5,0.0,ES,IBKR,D
2022-09-30 00:00:00+00:00,4078.0,4078.0,4078.0,4078.0,0.0,ES,IBKR,D
2022-10-03 00:00:00+00:00,4175.75,4175.75,4175.75,4175.75,0.0,ES,IBKR,D
2022-10-04 00:00:00+00:00,4303.25,4303.25,4303.25,4303.25,0.0,ES,IBKR,D
2022-10-05 00:00:00+00:00,4293.25,4293.25,4293.25,4293.25,0.0,ES,IBKR,D
2022-10-06 00:00:00+00:00,4253.0,4253.0,4253.0,4253.0,0.0,ES,IBKR,D
2022-10-07 00:00:00+00:00,4142.75,4142.75,4142.75,4142.75,0.0,ES,IBKR,D
2022-10-10 00:00:00+00:00,4111.75,4111.75,4111.75,4111.75,0.0,ES,IBKR,D
2022-10-11 00:00:00+00:00,4082.25,4082.25,4082.25,4082.25,0.0,ES,IBKR,D
2022-10-12 00:00:00+00:00,4070.25,4070.25,4070.25,4070.25,0.0,ES,IBKR,D
2022-10-13 00:00:00+00:00,4173.75,4173.75,4173.75,4173.75,0.0,ES,IBKR,D
2022-10-14 00:00:00+00:00,4088.75,4088.75,4088.75,4088.75,0.0,ES,IBKR,D
2022-10-17 00:00:00+00:00,4191.0,4191.0,4191.0,4191.0,0.0,ES,IBKR,D
2022-10-18 00:00:00+00:00,4239.0,4239.0,4239.0,4239.0,0.0,ES,IBKR,D
2022-10-19 00:00:00+00:00,4211.75,4211.75,4211.75,4211.75,0.0,ES,IBKR,D
2022-10-20 00:00:00+00:00,4177.0,4177.0,4177.0,4177.0,0.0,ES,IBKR,D
2022-10-21 00:00:00+00:00,4272.75,4272.75,4272.75,4272.75,0.0,ES,IBKR,D
2022-10-24 00:00:00+00:00,4322.75,4322.75,4322.75,4322.75,0.0,ES,IBKR,D
2022-10-25 00:00:00+00:00,4396.75,4396.75,4396.75,4396.75,0.0,ES,IBKR,D
2022-10-26 00:00:00+00:00,4365.25,4365.25,4365.25,4365.25,0.0,ES,IBKR,D
2022-10-27 00:00:00+00:00,4340.25,4340.25,4340.25,4340.25,0.0,ES,IBKR,D
2022-10-28 00:00:00+00:00,4441.25,4441.25,4441.25,4441.25,0.0,ES,IBKR,D
2022-10-31 00:00:00+00:00,4414.25,4414.25,4414.25,4414.25,0.0,ES,IBKR,D
2022-11-01 00:00:00+00:00,4396.75,4396.75,4396.75,4396.75,0.0,ES,IBKR,D
2022-11-02 00:00:00+00:00,4289.0,4289.0,4289.0,4289.0,0.0,ES,IBKR,D
2022-11-03 00:00:00+00:00,4244.5,4244.5,4244.5,4244.5,0.0,ES,IBKR,D
2022-11-04 00:00:00+00:00,4300.0,4300.0,4300.0,4300.0,0.0,ES,IBKR,D
2022-11-07 00:00:00+00:00,4339.0,4339.0,4339.0,4339.0,0.0,ES,IBKR,D
2022-11-08 00:00:00+00:00,4360.75,4360.75,4360.75,4360.75,0.0,ES,IBKR,D
2022-11-09 00:00:00+00:00,4272.75,4272.75,4272.75,4272.75,0.0,ES,IBKR,D
2022-11-10 00:00:00+00:00,4496.75,4496.75,4496.75,4496.75,0.0,ES,IBKR,D
2022-11-14 00:00:00+00:00,4505.5,4505.5,4505.5,4505.5,0.0,ES,IBKR,D
2022-11-15 00:00:00+00:00,4542.5,4542.5,4542.5,4542.5,0.0,ES,IBKR,D
2022-11-16 00:00:00+00:00,4507.75,4507.75,4507.75,4507.75,0.0,ES,IBKR,D
2022-11-17 00:00:00+00:00,4493.5,4493.5,4493.5,4493.5,0.0,ES,IBKR,D
2022-11-18 00:00:00+00:00,4515.25,4515.25,4515.25,4515.25,0.0,ES,IBKR,D
2022-11-21 00:00:00+00:00,4508.75,4508.75,4508.75,4508.75,0.0,ES,IBKR,D
2022-11-22 00:00:00+00:00,4566.5,4566.5,4566.5,4566.5,0.0,ES,IBKR,D
2022-11-23 00:00:00+00:00,4591.5,4591.5,4591.5,4591.5,0.0,ES,IBKR,D
2022-11-25 00:00:00+00:00,4591.5,4591.5,4591.5,4591.5,0.0,ES,IBKR,D
2022-11-28 00:00:00+00:00,4517.0,4517.0,4517.0,4517.0,0.0,ES,IBKR,D
2022-11-29 00:00:00+00:00,4506.5,4506.5,4506.5,4506.5,0.0,ES,IBKR,D
2022-11-30 00:00:00+00:00,4638.25,4638.25,4638.25,4638.25,0.0,ES,IBKR,D
2022-12-01 00:00:00+00:00,4638.25,4638.25,4638.25,4638.25,0.0,ES,IBKR,D
2022-12-02 00:00:00+00:00,4632.75,4632.75,4632.75,4632.75,0.0,ES,IBKR,D
2022-12-05 00:00:00+00:00,4553.5,4553.5,4553.5,4553.5,0.0,ES,IBKR,D
2022-12-06 00:00:00+00:00,4488.0,4488.0,4488.0,4488.0,0.0,ES,IBKR,D
2022-12-07 00:00:00+00:00,4473.0,4473.0,4473.0,4473.0,0.0,ES,IBKR,D
2022-12-08 00:00:00+00:00,4505.5,4505.5,4505.5,4505.5,0.0,ES,IBKR,D
2022-12-09 00:00:00+00:00,4479.5,4479.5,4479.5,4479.5,0.0,ES,IBKR,D
2022-12-12 00:00:00+00:00,4541.5,4541.5,4541.5,4541.5,0.0,ES,IBKR,D
2022-12-13 00:00:00+00:00,4574.0,4574.0,4574.0,4574.0,0.0,ES,IBKR,D
2022-12-14 00:00:00+00:00,4541.5,4541.5,4541.5,4541.5,0.0,ES,IBKR,D
2022-12-15 00:00:00+00:00,4419.5,4419.5,4419.5,4419.5,0.0,ES,IBKR,D
2022-12-16 00:00:00+00:00,4365.25,4365.25,4365.25,4365.25,0.0,ES,IBKR,D
2022-12-19 00:00:00+00:00,4328.25,4328.25,4328.25,4328.25,0.0,ES,IBKR,D
2022-12-20 00:00:00+00:00,4332.5,4332.5,4332.5,4332.5,0.0,ES,IBKR,D
2022-12-21 00:00:00+00:00,4394.5,4394.5,4394.5,4394.5,0.0,ES,IBKR,D
2022-12-22 00:00:00+00:00,4331.0,4331.0,4331.0,4331.0,0.0,ES,IBKR,D
2022-12-23 00:00:00+00:00,4353.25,4353.25,4353.25,4353.25,0.0,ES,IBKR,D
2022-12-27 00:00:00+00:00,4337.0,4337.0,4337.0,4337.0,1.0,ES,IBKR,D
2022-12-28 00:00:00+00:00,4303.25,4303.25,4303.25,4303.25,1.0,ES,IBKR,D
2022-12-29 00:00:00+00:00,4368.5,4368.5,4362.0,4362.0,7.0,ES,IBKR,D
2022-12-30 00:00:00+00:00,4350.25,4350.25,4350.25,4350.25,0.0,ES,IBKR,D
2023-01-03 00:00:00+00:00,4332.5,4332.5,4332.5,4332.5,0.0,ES,IBKR,D
2023-01-04 00:00:00+00:00,4358.75,4358.75,4358.75,4358.75,0.0,ES,IBKR,D
2023-01-05 00:00:00+00:00,4309.75,4309.75,4309.75,4309.75,0.0,ES,IBKR,D
2023-01-06 00:00:00+00:00,4404.25,4404.25,4404.25,4404.25,0.0,ES,IBKR,D
2023-01-09 00:00:00+00:00,4402.25,4402.25,4402.25,4402.25,0.0,ES,IBKR,D
2023-01-10 00:00:00+00:00,4432.75,4432.75,4432.75,4432.75,0.0,ES,IBKR,D
2023-01-11 00:00:00+00:00,4487.0,4487.0,4487.0,4487.0,0.0,ES,IBKR,D
2023-01-12 00:00:00+00:00,4501.25,4501.25,4501.25,4501.25,0.0,ES,IBKR,D
2023-01-13 00:00:00+00:00,4517.5,4517.5,4517.5,4517.5,0.0,ES,IBKR,D
2023-01-17 00:00:00+00:00,4507.75,4507.75,4507.75,4507.75,0.0,ES,IBKR,D
2023-01-18 00:00:00+00:00,4437.0,4437.0,4437.0,4437.0,0.0,ES,IBKR,D
2023-01-19 00:00:00+00:00,4404.25,4404.25,4404.25,4404.25,0.0,ES,IBKR,D
2023-01-20 00:00:00+00:00,4483.75,4483.75,4483.75,4483.75,0.0,ES,IBKR,D
2023-01-23 00:00:00+00:00,4536.0,4536.0,4536.0,4536.0,0.0,ES,IBKR,D
2023-01-24 00:00:00+00:00,4531.75,4531.75,4531.75,4531.75,0.0,ES,IBKR,D
2023-01-25 00:00:00+00:00,4530.5,4530.5,4530.5,4530.5,0.0,ES,IBKR,D
2023-01-26 00:00:00+00:00,4585.0,4585.0,4585.0,4585.0,0.0,ES,IBKR,D
2023-01-27 00:00:00+00:00,4595.75,4595.75,4595.75,4595.75,0.0,ES,IBKR,D
2023-01-30 00:00:00+00:00,4539.25,4539.25,4539.25,4539.25,0.0,ES,IBKR,D
2023-01-31 00:00:00+00:00,4602.25,4602.25,4602.25,4602.25,0.0,ES,IBKR,D
2023-02-01 00:00:00+00:00,4649.25,4649.25,4649.25,4649.25,0.0,ES,IBKR,D
2023-02-02 00:00:00+00:00,4717.75,4717.75,4717.75,4717.75,0.0,ES,IBKR,D
2023-02-03 00:00:00+00:00,4674.25,4674.25,4674.25,4674.25,0.0,ES,IBKR,D
2023-02-06 00:00:00+00:00,4653.5,4653.5,4653.5,4653.5,0.0,ES,IBKR,D
2023-02-07 00:00:00+00:00,4713.25,4713.25,4713.25,4713.25,0.0,ES,IBKR,D
2023-02-08 00:00:00+00:00,4662.25,4662.25,4662.25,4662.25,0.0,ES,IBKR,D
2023-02-09 00:00:00+00:00,4619.25,4619.25,4619.25,4619.25,0.0,ES,IBKR,D
2023-02-10 00:00:00+00:00,4629.25,4629.25,4629.25,4629.25,0.0,ES,IBKR,D
2023-02-13 00:00:00+00:00,4684.75,4684.75,4684.75,4684.75,0.0,ES,IBKR,D
2023-02-14 00:00:00+00:00,4685.0,4685.0,4685.0,4685.0,0.0,ES,IBKR,D
2023-02-15 00:00:00+00:00,4699.0,4699.0,4699.0,4699.0,0.0,ES,IBKR,D
2023-02-16 00:00:00+00:00,4634.75,4634.75,4634.75,4634.75,0.0,ES,IBKR,D
2023-02-17 00:00:00+00:00,4620.5,4620.5,4620.5,4620.5,0.0,ES,IBKR,D
2023-02-21 00:00:00+00:00,4530.25,4530.25,4530.25,4530.25,0.0,ES,IBKR,D
2023-02-22 00:00:00+00:00,4522.75,4522.75,4522.75,4522.75,0.0,ES,IBKR,D
2023-02-23 00:00:00+00:00,4544.5,4544.5,4544.5,4544.5,0.0,ES,IBKR,D
2023-02-24 00:00:00+00:00,4500.25,4500.25,4500.25,4500.25,1.0,ES,IBKR,D
2023-02-27 00:00:00+00:00,4513.25,4513.25,4513.25,4513.25,0.0,ES,IBKR,D
2023-02-28 00:00:00+00:00,4499.0,4499.0,4499.0,4499.0,0.0,ES,IBKR,D
2023-03-01 00:00:00+00:00,4478.25,4478.25,4478.25,4478.25,0.0,ES,IBKR,D
2023-03-02 00:00:00+00:00,4508.75,4508.75,4508.75,4508.75,0.0,ES,IBKR,D
2023-03-03 00:00:00+00:00,4583.5,4583.5,4583.5,4583.5,0.0,ES,IBKR,D
2023-03-06 00:00:00+00:00,4587.5,4587.5,4587.5,4587.5,0.0,ES,IBKR,D
2023-03-07 00:00:00+00:00,4518.5,4518.5,4518.5,4518.5,0.0,ES,IBKR,D
2023-03-08 00:00:00+00:00,4526.25,4526.25,4526.25,4526.25,1.0,ES,IBKR,D
2023-03-09 00:00:00+00:00,4454.0,4454.0,4452.25,4453.0,3.0,ES,IBKR,D
2023-03-10 00:00:00+00:00,4358.75,4358.75,4358.75,4358.75,0.0,ES,IBKR,D
2023-03-13 00:00:00+00:00,4352.0,4352.0,4346.75,4346.75,2.0,ES,IBKR,D
2023-03-14 00:00:00+00:00,4397.75,4397.75,4397.75,4397.75,0.0,ES,IBKR,D
2023-03-15 00:00:00+00:00,4365.25,4365.25,4365.25,4365.25,0.0,ES,IBKR,D
2023-03-16 00:00:00+00:00,4450.0,4450.0,4450.0,4450.0,0.0,ES,IBKR,D
2023-03-17 00:00:00+00:00,4374.5,4374.5,4374.5,4374.5,1.0,ES,IBKR,D
2023-03-20 00:00:00+00:00,4428.25,4428.25,4427.25,4428.25,2.0,ES,IBKR,D
2023-03-21 00:00:00+00:00,4499.0,4499.0,4499.0,4499.0,0.0,ES,IBKR,D
2023-03-22 00:00:00+00:00,4520.75,4520.75,4428.25,4428.25,1.0,ES,IBKR,D
2023-03-23 00:00:00+00:00,4429.25,4429.25,4429.25,4429.25,0.0,ES,IBKR,D
2023-03-24 00:00:00+00:00,4454.5,4454.5,4454.5,4454.5,0.0,ES,IBKR,D
2023-03-27 00:00:00+00:00,4466.25,4466.25,4466.25,4466.25,0.0,ES,IBKR,D
2023-03-28 00:00:00+00:00,4461.0,4461.0,4461.0,4461.0,0.0,ES,IBKR,D
2023-03-29 00:00:00+00:00,4525.0,4525.0,4525.0,4525.0,0.0,ES,IBKR,D
2023-03-30 00:00:00+00:00,4551.25,4551.25,4551.25,4551.25,0.0,ES,IBKR,D
2023-03-31 00:00:00+00:00,4611.0,4615.5,4611.0,4615.5,1.0,ES,IBKR,D
2023-04-03 00:00:00+00:00,4633.0,4633.0,4633.0,4633.0,0.0,ES,IBKR,D
2023-04-04 00:00:00+00:00,4599.25,4599.25,4599.25,4599.25,0.0,ES,IBKR,D
2023-04-05 00:00:00+00:00,4586.25,4586.25,4586.25,4586.25,0.0,ES,IBKR,D
2023-04-06 00:00:00+00:00,4597.0,4603.25,4597.0,4603.25,6.0,ES,IBKR,D
2023-04-10 00:00:00+00:00,4615.5,4615.5,4615.5,4615.5,0.0,ES,IBKR,D
2023-04-11 00:00:00+00:00,4618.75,4618.75,4618.75,4618.75,3.0,ES,IBKR,D
2023-04-12 00:00:00+00:00,4594.5,4594.5,4594.5,4594.5,0.0,ES,IBKR,D
2023-04-13 00:00:00+00:00,4654.5,4654.5,4654.5,4654.5,0.0,ES,IBKR,D
2023-04-14 00:00:00+00:00,4648.75,4648.75,4648.75,4648.75,0.0,ES,IBKR,D
2023-04-17 00:00:00+00:00,4666.25,4666.25,4666.25,4666.25,0.0,ES,IBKR,D
2023-04-18 00:00:00+00:00,4673.25,4673.25,4673.25,4673.25,0.0,ES,IBKR,D
2023-04-19 00:00:00+00:00,4672.25,4672.25,4672.25,4672.25,2.0,ES,IBKR,D
2023-04-20 00:00:00+00:00,4652.25,4652.25,4652.25,4652.25,1.0,ES,IBKR,D
2023-04-21 00:00:00+00:00,4641.5,4641.5,4641.5,4641.5,1.0,ES,IBKR,D
2023-04-24 00:00:00+00:00,4647.0,4647.0,4647.0,4647.0,0.0,ES,IBKR,D
2023-04-25 00:00:00+00:00,4565.25,4565.25,4565.25,4565.25,0.0,ES,IBKR,D
2023-04-26 00:00:00+00:00,4571.0,4571.0,4548.25,4548.25,2.0,ES,IBKR,D
2023-04-27 00:00:00+00:00,4639.75,4639.75,4639.75,4639.75,0.0,ES,IBKR,D
2023-04-28 00:00:00+00:00,4677.75,4677.75,4677.75,4677.75,0.0,ES,IBKR,D
2023-05-01 00:00:00+00:00,4685.75,4688.75,4685.75,4688.5,5.0,ES,IBKR,D
2023-05-02 00:00:00+00:00,4617.75,4617.75,4617.75,4617.75,0.0,ES,IBKR,D
2023-05-03 00:00:00+00:00,4582.0,4582.0,4582.0,4582.0,0.0,ES,IBKR,D
2023-05-04 00:00:00+00:00,4542.5,4542.5,4542.5,4542.5,0.0,ES,IBKR,D
2023-05-05 00:00:00+00:00,4629.5,4629.5,4626.25,4626.25,3.0,ES,IBKR,D
2023-05-08 00:00:00+00:00,4635.75,4635.75,4635.75,4635.75,0.0,ES,IBKR,D
2023-05-09 00:00:00+00:00,4615.75,4615.75,4615.75,4615.75,0.0,ES,IBKR,D
2023-05-10 00:00:00+00:00,4645.5,4645.5,4645.5,4645.5,2.0,ES,IBKR,D
2023-05-11 00:00:00+00:00,4623.75,4623.75,4623.75,4623.75,0.0,ES,IBKR,D
2023-05-12 00:00:00+00:00,4619.75,4619.75,4619.75,4619.75,0.0,ES,IBKR,D
2023-05-15 00:00:00+00:00,4632.75,4632.75,4632.75,4632.75,0.0,ES,IBKR,D
2023-05-16 00:00:00+00:00,4614.75,4614.75,4614.75,4614.75,5.0,ES,IBKR,D
2023-05-17 00:00:00+00:00,4648.0,4648.0,4648.0,4648.0,1.0,ES,IBKR,D
2023-05-18 00:00:00+00:00,4677.5,4702.0,4677.5,4702.0,3.0,ES,IBKR,D
2023-05-19 00:00:00+00:00,4702.5,4702.5,4702.5,4702.5,0.0,ES,IBKR,D
2023-05-22 00:00:00+00:00,4704.75,4704.75,4704.75,4704.75,0.0,ES,IBKR,D
2023-05-23 00:00:00+00:00,4653.75,4653.75,4653.75,4653.75,0.0,ES,IBKR,D
2023-05-24 00:00:00+00:00,4624.0,4624.0,4624.0,4624.0,1.0,ES,IBKR,D
2023-05-25 00:00:00+00:00,4653.5,4653.5,4653.5,4653.5,1.0,ES,IBKR,D
2023-05-26 00:00:00+00:00,4722.0,4722.0,4722.0,4722.0,0.0,ES,IBKR,D
2023-05-30 00:00:00+00:00,4723.25,4723.25,4723.25,4723.25,0.0,ES,IBKR,D
2023-05-31 00:00:00+00:00,4689.25,4689.25,4689.25,4689.25,1.0,ES,IBKR,D
2023-06-01 00:00:00+00:00,4735.75,4735.75,4735.75,4735.75,0.0,ES,IBKR,D
2023-06-02 00:00:00+00:00,4782.0,4814.5,4782.0,4814.5,3.0,ES,IBKR,D
2023-06-05 00:00:00+00:00,4799.5,4799.5,4799.5,4799.5,0.0,ES,IBKR,D
2023-06-06 00:00:00+00:00,4810.25,4810.25,4810.25,4810.25,0.0,ES,IBKR,D
2023-06-07 00:00:00+00:00,4793.5,4793.5,4793.5,4793.5,0.0,ES,IBKR,D
2023-06-08 00:00:00+00:00,4821.0,4821.0,4821.0,4821.0,0.0,ES,IBKR,D
2023-06-09 00:00:00+00:00,4830.75,4830.75,4830.75,4830.75,1.0,ES,IBKR,D
2023-06-12 00:00:00+00:00,4873.5,4873.5,4873.5,4873.5,0.0,ES,IBKR,D
2023-06-13 00:00:00+00:00,4906.75,4912.5,4898.25,4912.5,5.0,ES,IBKR,D
2023-06-14 00:00:00+00:00,4914.75,4922.25,4895.5,4895.5,4.0,ES,IBKR,D
2023-06-15 00:00:00+00:00,4950.5,4969.0,4944.0,4964.25,9.0,ES,IBKR,D
2023-06-16 00:00:00+00:00,4976.75,4976.75,4949.0,4951.0,12.0,ES,IBKR,D
2023-06-20 00:00:00+00:00,4910.5,4930.75,4910.5,4930.75,2.0,ES,IBKR,D
2023-06-21 00:00:00+00:00,4903.5,4903.5,4903.5,4903.5,2.0,ES,IBKR,D
2023-06-22 00:00:00+00:00,4901.25,4901.25,4898.5,4898.5,3.0,ES,IBKR,D
2023-06-23 00:00:00+00:00,4878.0,4878.0,4878.0,4878.0,0.0,ES,IBKR,D
2023-06-26 00:00:00+00:00,4857.0,4857.0,4857.0,4857.0,0.0,ES,IBKR,D
2023-06-27 00:00:00+00:00,4915.25,4918.5,4909.25,4909.25,23.0,ES,IBKR,D
2023-06-28 00:00:00+00:00,4912.5,4918.0,4896.25,4918.0,15.0,ES,IBKR,D
2023-06-29 00:00:00+00:00,4909.25,4926.5,4909.25,4922.5,7.0,ES,IBKR,D
2023-06-30 00:00:00+00:00,4986.0,4999.5,4981.5,4984.5,10.0,ES,IBKR,D
2023-07-03 00:00:00+00:00,4992.25,4992.25,4988.0,4992.0,4.0,ES,IBKR,D
2023-07-05 00:00:00+00:00,4985.25,4985.25,4978.75,4978.75,4.0,ES,IBKR,D
2023-07-06 00:00:00+00:00,4938.25,4945.25,4920.0,4945.25,15.0,ES,IBKR,D
2023-07-07 00:00:00+00:00,4956.0,4971.25,4930.75,4930.75,4.0,ES,IBKR,D
2023-07-10 00:00:00+00:00,4932.5,4942.25,4932.5,4942.25,3.0,ES,IBKR,D
2023-07-11 00:00:00+00:00,4953.25,4975.0,4953.25,4975.0,2.0,ES,IBKR,D
2023-07-12 00:00:00+00:00,5019.25,5019.25,5005.5,5012.5,11.0,ES,IBKR,D
2023-07-13 00:00:00+00:00,5043.25,5058.25,5043.25,5051.75,32.0,ES,IBKR,D
2023-07-14 00:00:00+00:00,5064.75,5066.25,5045.75,5045.75,10.0,ES,IBKR,D
2023-07-17 00:00:00+00:00,5059.25,5070.25,5059.25,5064.25,10.0,ES,IBKR,D
2023-07-18 00:00:00+00:00,5070.0,5102.25,5070.0,5102.25,8.0,ES,IBKR,D
2023-07-19 00:00:00+00:00,5120.5,5121.25,5108.25,5113.5,23.0,ES,IBKR,D
2023-07-20 00:00:00+00:00,5106.0,5106.0,5075.75,5079.25,8.0,ES,IBKR,D
2023-07-21 00:00:00+00:00,5082.75,5096.75,5075.75,5078.75,11.0,ES,IBKR,D
2023-07-24 00:00:00+00:00,5097.5,5099.5,5086.25,5099.5,5.0,ES,IBKR,D
2023-07-25 00:00:00+00:00,5109.5,5123.5,5109.5,5113.5,6.0,ES,IBKR,D
2023-07-26 00:00:00+00:00,5101.25,5120.5,5099.5,5113.25,12.0,ES,IBKR,D
2023-07-27 00:00:00+00:00,5149.0,5149.0,5073.0,5079.5,11.0,ES,IBKR,D
2023-07-28 00:00:00+00:00,5124.5,5134.5,5113.75,5126.75,9.0,ES,IBKR,D
2023-07-31 00:00:00+00:00,5133.0,5136.25,5122.5,5135.5,7.0,ES,IBKR,D
2023-08-01 00:00:00+00:00,5116.25,5121.5,5116.25,5121.5,1.0,ES,IBKR,D
2023-08-02 00:00:00+00:00,5075.75,5075.75,5049.0,5050.75,25.0,ES,IBKR,D
2023-08-03 00:00:00+00:00,5034.0,5049.25,5018.25,5033.25,10.0,ES,IBKR,D
2023-08-04 00:00:00+00:00,5035.5,5075.5,5005.0,5006.25,15.0,ES,IBKR,D
2023-08-07 00:00:00+00:00,5030.0,5050.25,5030.0,5050.25,3.0,ES,IBKR,D
2023-08-08 00:00:00+00:00,5020.25,5027.75,4994.0,5027.75,9.0,ES,IBKR,D
2023-08-09 00:00:00+00:00,5021.75,5023.0,4988.0,4991.5,29.0,ES,IBKR,D
2023-08-10 00:00:00+00:00,5024.0,5053.25,4990.75,4991.0,25.0,ES,IBKR,D
2023-08-11 00:00:00+00:00,4974.25,4992.5,4974.25,4985.5,12.0,ES,IBKR,D
2023-08-14 00:00:00+00:00,4976.0,5013.75,4976.0,5013.75,5.0,ES,IBKR,D
2023-08-15 00:00:00+00:00,4982.0,4982.0,4949.25,4956.0,24.0,ES,IBKR,D
2023-08-16 00:00:00+00:00,4962.5,4966.75,4918.0,4918.25,13.0,ES,IBKR,D
2023-08-17 00:00:00+00:00,4931.5,4931.5,4876.0,4878.25,17.0,ES,IBKR,D
2023-08-18 00:00:00+00:00,4866.5,4875.5,4865.75,4875.25,8.0,ES,IBKR,D
2023-08-21 00:00:00+00:00,4900.25,4910.25,4866.25,4909.25,24.0,ES,IBKR,D
2023-08-22 00:00:00+00:00,4914.25,4914.25,4894.25,4894.25,12.0,ES,IBKR,D
2023-08-23 00:00:00+00:00,4911.0,4956.0,4911.0,4947.0,34.0,ES,IBKR,D
2023-08-24 00:00:00+00:00,4961.5,4961.5,4875.0,4879.75,130.0,ES,IBKR,D
2023-08-25 00:00:00+00:00,4900.5,4923.25,4864.0,4912.5,29.0,ES,IBKR,D
2023-08-28 00:00:00+00:00,4942.25,4947.75,4923.5,4943.75,31.0,ES,IBKR,D
2023-08-29 00:00:00+00:00,4958.25,5015.5,4955.0,5015.5,157.0,ES,IBKR,D
2023-08-30 00:00:00+00:00,5027.75,5039.0,5014.25,5034.75,22.0,ES,IBKR,D
2023-08-31 00:00:00+00:00,5039.75,5047.25,5025.25,5025.25,17.0,ES,IBKR,D
2023-09-01 00:00:00+00:00,5039.75,5043.25,5018.25,5030.75,27.0,ES,IBKR,D
2023-09-05 00:00:00+00:00,5025.5,5028.25,5008.5,5008.5,38.0,ES,IBKR,D
2023-09-06 00:00:00+00:00,4996.25,4997.25,4950.5,4976.75,184.0,ES,IBKR,D
2023-09-07 00:00:00+00:00,4936.0,4961.25,4935.25,4955.5,33.0,ES,IBKR,D
2023-09-08 00:00:00+00:00,4968.0,4981.5,4955.0,4969.5,58.0,ES,IBKR,D
2023-09-11 00:00:00+00:00,4997.25,5000.5,4975.25,4996.5,150.0,ES,IBKR,D
2023-09-12 00:00:00+00:00,4983.25,4995.25,4962.5,4967.75,466.0,ES,IBKR,D
2023-09-13 00:00:00+00:00,4970.75,4984.25,4958.25,4977.0,134.0,ES,IBKR,D
2023-09-14 00:00:00+00:00,4996.25,5020.25,4984.0,5019.0,772.0,ES,IBKR,D
2023-09-15 00:00:00+00:00,4995.25,4995.25,4945.75,4952.5,851.0,ES,IBKR,D
2023-09-18 00:00:00+00:00,4945.0,4967.5,4941.75,4955.0,245.0,ES,IBKR,D
2023-09-19 00:00:00+00:00,4940.5,4947.25,4910.75,4943.25,450.0,ES,IBKR,D
2023-09-20 00:00:00+00:00,4950.5,4959.5,4890.75,4890.75,490.0,ES,IBKR,D
2023-09-21 00:00:00+00:00,4858.25,4861.25,4805.0,4806.75,533.0,ES,IBKR,D
2023-09-22 00:00:00+00:00,4821.25,4837.75,4795.75,4799.0,506.0,ES,IBKR,D
2023-09-25 00:00:00+00:00,4786.0,4822.25,4779.75,4821.5,369.0,ES,IBKR,D
2023-09-26 00:00:00+00:00,4785.0,4789.75,4737.75,4751.5,953.0,ES,IBKR,D
2023-09-27 00:00:00+00:00,4759.75,4765.0,4706.5,4756.0,1466.0,ES,IBKR,D
2023-09-28 00:00:00+00:00,4735.0,4791.5,4732.0,4776.5,771.0,ES,IBKR,D
2023-09-29 00:00:00+00:00,4803.75,4806.25,4743.75,4764.0,1282.0,ES,IBKR,D
2023-10-02 00:00:00+00:00,4751.5,4771.25,4727.0,4762.25,1290.0,ES,IBKR,D
2023-10-03 00:00:00+00:00,4736.75,4748.25,4678.5,4692.0,775.0,ES,IBKR,D
2023-10-04 00:00:00+00:00,4696.75,4734.0,4682.0,4720.75,1293.0,ES,IBKR,D
2023-10-05 00:00:00+00:00,4725.25,4730.75,4684.5,4718.75,1161.0,ES,IBKR,D
2023-10-06 00:00:00+00:00,4696.5,4795.75,4678.0,4779.5,1248.0,ES,IBKR,D
2023-10-09 00:00:00+00:00,4757.25,4813.0,4749.5,4805.75,667.0,ES,IBKR,D
2023-10-10 00:00:00+00:00,4810.5,4860.25,4809.75,4831.5,718.0,ES,IBKR,D
2023-10-11 00:00:00+00:00,4847.25,4861.25,4816.5,4861.25,444.0,ES,IBKR,D
2023-10-12 00:00:00+00:00,4853.5,4858.75,4793.75,4822.5,690.0,ES,IBKR,D
2023-10-13 00:00:00+00:00,4837.5,4848.5,4776.5,4787.0,1181.0,ES,IBKR,D
2023-10-16 00:00:00+00:00,4821.5,4856.25,4818.25,4847.75,556.0,ES,IBKR,D
2023-10-17 00:00:00+00:00,4809.0,4866.75,4804.75,4841.75,501.0,ES,IBKR,D
2023-10-18 00:00:00+00:00,4821.0,4832.0,4764.75,4783.25,2290.0,ES,IBKR,D
2023-10-19 00:00:00+00:00,4786.75,4802.0,4722.25,4726.0,2387.0,ES,IBKR,D
2023-10-20 00:00:00+00:00,4724.75,4731.0,4666.75,4668.75,2261.0,ES,IBKR,D
2023-10-23 00:00:00+00:00,4657.0,4708.0,4634.75,4674.75,1445.0,ES,IBKR,D
2023-10-24 00:00:00+00:00,4693.75,4715.75,4666.5,4697.0,1194.0,ES,IBKR,D
2023-10-25 00:00:00+00:00,4676.25,4677.25,4624.0,4631.75,2468.0,ES,IBKR,D
2023-10-26 00:00:00+00:00,4613.25,4624.0,4561.25,4574.25,2698.0,ES,IBKR,D
2023-10-27 00:00:00+00:00,4591.25,4592.5,4534.75,4550.25,2718.0,ES,IBKR,D
2023-10-30 00:00:00+00:00,4586.0,4615.5,4567.0,4600.25,739.0,ES,IBKR,D
2023-10-31 00:00:00+00:00,4609.75,4636.0,4589.25,4623.25,2442.0,ES,IBKR,D
2023-11-01 00:00:00+00:00,4643.75,4689.5,4637.0,4683.0,1271.0,ES,IBKR,D
2023-11-02 00:00:00+00:00,4724.25,4772.0,4724.25,4766.75,856.0,ES,IBKR,D
2023-11-03 00:00:00+00:00,4794.25,4828.75,4794.25,4816.25,720.0,ES,IBKR,D
2023-11-06 00:00:00+00:00,4824.25,4826.5,4801.25,4817.75,323.0,ES,IBKR,D
2023-11-07 00:00:00+00:00,4819.5,4842.25,4810.25,4836.5,537.0,ES,IBKR,D
2023-11-08 00:00:00+00:00,4843.25,4848.0,4812.0,4833.25,393.0,ES,IBKR,D
2023-11-09 00:00:00+00:00,4846.25,4846.25,4793.25,4802.25,489.0,ES,IBKR,D
2023-11-10 00:00:00+00:00,4820.25,4877.25,4804.75,4864.5,936.0,ES,IBKR,D
2023-11-13 00:00:00+00:00,4860.25,4879.75,4848.0,4870.0,461.0,ES,IBKR,D
2023-11-14 00:00:00+00:00,4935.25,4976.0,4932.0,4966.25,2300.0,ES,IBKR,D
2023-11-15 00:00:00+00:00,4978.75,4989.75,4961.75,4964.5,1332.0,ES,IBKR,D
2023-11-16 00:00:00+00:00,4963.5,4981.75,4951.25,4981.25,1342.0,ES,IBKR,D
2023-11-17 00:00:00+00:00,4974.75,4986.5,4963.0,4975.75,1134.0,ES,IBKR,D
2023-11-20 00:00:00+00:00,4978.25,5027.75,4978.25,5016.75,1548.0,ES,IBKR,D
2023-11-21 00:00:00+00:00,5003.5,5009.5,4990.25,5003.0,1086.0,ES,IBKR,D
2023-11-22 00:00:00+00:00,5022.0,5037.25,5011.0,5021.5,1470.0,ES,IBKR,D
2023-11-24 00:00:00+00:00,5021.5,5026.5,5019.0,5024.0,489.0,ES,IBKR,D
2023-11-27 00:00:00+00:00,5019.0,5026.5,5011.0,5017.5,1335.0,ES,IBKR,D
2023-11-28 00:00:00+00:00,5011.0,5034.5,5003.75,5020.0,1802.0,ES,IBKR,D
2023-11-29 00:00:00+00:00,5043.0,5055.5,5011.0,5018.0,3339.0,ES,IBKR,D
2023-11-30 00:00:00+00:00,5021.5,5036.75,4998.5,5028.5,5206.0,ES,IBKR,D
2023-12-01 00:00:00+00:00,5025.25,5067.75,5018.75,5064.5,8421.0,ES,IBKR,D
2023-12-04 00:00:00+00:00,5022.0,5037.25,5008.75,5029.5,7881.0,ES,IBKR,D
2023-12-05 00:00:00+00:00,5017.5,5043.5,5014.25,5030.25,14554.0,ES,IBKR,D
2023-12-06 00:00:00+00:00,5057.0,5057.0,5007.5,5012.5,23241.0,ES,IBKR,D
2023-12-07 00:00:00+00:00,5033.75,5055.75,5027.25,5044.25,77396.0,ES,IBKR,D
2023-12-08 00:00:00+00:00,5039.5,5076.75,5036.5,5070.25,460028.0,ES,IBKR,D
2023-12-11 00:00:00+00:00,5065.25,5091.5,5062.5,5088.75,893850.0,ES,IBKR,D
2023-12-12 00:00:00+00:00,5084.0,5115.75,5072.75,5114.25,888989.0,ES,IBKR,D
2023-12-13 00:00:00+00:00,5114.0,5183.75,5110.25,5177.5,1409308.0,ES,IBKR,D
2023-12-14 00:00:00+00:00,5199.75,5213.5,5164.0,5188.25,1563647.0,ES,IBKR,D
2023-12-15 00:00:00+00:00,5188.0,5200.25,5176.0,5189.25,1291622.0,ES,IBKR,D
2023-12-18 00:00:00+00:00,5203.0,5225.0,5201.0,5212.0,913081.0,ES,IBKR,D
2023-12-19 00:00:00+00:00,5219.75,5246.0,5218.75,5242.5,917807.0,ES,IBKR,D
2023-12-20 00:00:00+00:00,5234.0,5256.0,5160.75,5171.75,1458969.0,ES,IBKR,D
2023-12-21 00:00:00+00:00,5202.25,5220.75,5174.0,5218.0,1345086.0,ES,IBKR,D
2023-12-22 00:00:00+00:00,5229.25,5246.25,5206.0,5221.75,1070304.0,ES,IBKR,D
2023-12-26 00:00:00+00:00,5232.0,5260.0,5231.25,5252.0,529088.0,ES,IBKR,D
2023-12-27 00:00:00+00:00,5246.75,5262.25,5240.5,5260.25,843353.0,ES,IBKR,D
2023-12-28 00:00:00+00:00,5257.25,5265.75,5253.0,5259.0,724070.0,ES,IBKR,D
2023-12-29 00:00:00+00:00,5253.5,5260.5,5219.0,5236.5,1017620.0,ES,IBKR,D
2024-01-02 00:00:00+00:00,5204.5,5219.75,5185.0,5210.0,1266634.0,ES,IBKR,D
2024-01-03 00:00:00+00:00,5183.75,5191.75,5158.25,5166.75,1366972.0,ES,IBKR,D
2024-01-04 00:00:00+00:00,5156.75,5186.0,5143.0,5148.75,1076868.0,ES,IBKR,D
2024-01-05 00:00:00+00:00,5146.75,5179.25,5135.25,5152.25,1313433.0,ES,IBKR,D
2024-01-08 00:00:00+00:00,5156.5,5226.0,5155.0,5220.25,1145023.0,ES,IBKR,D
2024-01-09 00:00:00+00:00,5193.25,5227.0,5187.25,5212.25,1086965.0,ES,IBKR,D
2024-01-10 00:00:00+00:00,5217.25,5253.5,5214.0,5244.5,1132257.0,ES,IBKR,D
2024-01-11 00:00:00+00:00,5252.0,5257.75,5193.0,5235.5,1413889.0,ES,IBKR,D
2024-01-12 00:00:00+00:00,5254.0,5262.25,5225.0,5234.75,1122543.0,ES,IBKR,D
2024-01-16 00:00:00+00:00,5224.75,5239.75,5200.25,5221.5,1420395.0,ES,IBKR,D
2024-01-17 00:00:00+00:00,5185.5,5196.25,5164.0,5189.0,1277260.0,ES,IBKR,D
2024-01-18 00:00:00+00:00,5207.25,5241.0,5190.0,5234.25,1380559.0,ES,IBKR,D
2024-01-19 00:00:00+00:00,5246.5,5303.25,5238.75,5298.5,1492530.0,ES,IBKR,D
2024-01-22 00:00:00+00:00,5315.75,5329.5,5302.5,5310.5,1031718.0,ES,IBKR,D
2024-01-23 00:00:00+00:00,5315.75,5333.5,5303.25,5332.5,909467.0,ES,IBKR,D
2024-01-24 00:00:00+00:00,5357.0,5367.5,5319.25,5333.0,1313176.0,ES,IBKR,D
2024-01-25 00:00:00+00:00,5352.0,5360.25,5327.75,5352.0,1226301.0,ES,IBKR,D
2024-01-26 00:00:00+00:00,5351.25,5368.5,5339.5,5345.25,1019417.0,ES,IBKR,D
2024-01-29 00:00:00+00:00,5352.0,5392.25,5345.25,5386.0,991905.0,ES,IBKR,D
2024-01-30 00:00:00+00:00,5381.75,5393.75,5367.25,5367.75,929638.0,ES,IBKR,D
2024-01-31 00:00:00+00:00,5359.75,5364.5,5294.25,5300.5,1905836.0,ES,IBKR,D
2024-02-01 00:00:00+00:00,5313.0,5400.75,5303.5,5395.5,1490665.0,ES,IBKR,D
2024-02-02 00:00:00+00:00,5367.25,5437.75,5363.0,5410.5,1536995.0,ES,IBKR,D
2024-02-05 00:00:00+00:00,5410.75,5415.75,5372.5,5397.0,1202660.0,ES,IBKR,D
2024-02-06 00:00:00+00:00,5407.5,5416.5,5391.25,5410.0,1054504.0,ES,IBKR,D
2024-02-07 00:00:00+00:00,5437.5,5462.0,5427.0,5457.0,1088865.0,ES,IBKR,D
2024-02-08 00:00:00+00:00,5454.5,5462.0,5445.5,5456.0,808065.0,ES,IBKR,D
2024-02-09 00:00:00+00:00,5462.0,5493.0,5457.75,5485.75,930849.0,ES,IBKR,D
2024-02-12 00:00:00+00:00,5487.0,5512.5,5474.5,5479.0,980374.0,ES,IBKR,D
2024-02-13 00:00:00+00:00,5413.0,5427.25,5371.0,5411.0,1635324.0,ES,IBKR,D
2024-02-14 00:00:00+00:00,5437.25,5464.5,5410.5,5459.25,1313771.0,ES,IBKR,D
2024-02-15 00:00:00+00:00,5460.75,5496.5,5455.0,5495.0,1103239.0,ES,IBKR,D
2024-02-16 00:00:00+00:00,5487.0,5499.5,5454.0,5456.0,1196321.0,ES,IBKR,D
2024-02-20 00:00:00+00:00,5442.0,5450.25,5405.5,5428.75,1211239.0,ES,IBKR,D
2024-02-21 00:00:00+00:00,5416.25,5462.5,5395.5,5460.5,1229556.0,ES,IBKR,D
2024-02-22 00:00:00+00:00,5507.75,5557.5,5497.0,5541.5,1334213.0,ES,IBKR,D
2024-02-23 00:00:00+00:00,5564.5,5574.5,5540.75,5543.25,1101196.0,ES,IBKR,D
2024-02-26 00:00:00+00:00,5553.0,5557.75,5523.0,5524.5,888015.0,ES,IBKR,D
2024-02-27 00:00:00+00:00,5534.25,5541.25,5513.0,5538.25,825140.0,ES,IBKR,D
2024-02-28 00:00:00+00:00,5518.75,5535.5,5512.75,5515.75,939579.0,ES,IBKR,D
2024-02-29 00:00:00+00:00,5546.75,5564.75,5516.25,5549.75,1389655.0,ES,IBKR,D
2024-03-01 00:00:00+00:00,5555.25,5602.5,5550.25,5591.0,1268342.0,ES,IBKR,D
2024-03-04 00:00:00+00:00,5587.75,5611.75,5585.0,5586.25,979765.0,ES,IBKR,D
2024-03-05 00:00:00+00:00,5567.0,5572.25,5508.75,5539.5,1551392.0,ES,IBKR,D
2024-03-06 00:00:00+00:00,5570.0,5586.5,5546.5,5563.25,1617136.0,ES,IBKR,D
2024-03-07 00:00:00+00:00,5595.75,5625.75,5585.0,5611.25,1318691.0,ES,IBKR,D
2024-03-08 00:00:00+00:00,5619.75,5650.25,5572.5,5583.75,1727748.0,ES,IBKR,D
2024-03-11 00:00:00+00:00,5564.5,5580.5,5543.25,5579.75,527804.0,ES,IBKR,D
2024-03-12 00:00:00+00:00,5596.5,5639.25,5568.25,5630.5,359126.0,ES,IBKR,D
2024-03-13 00:00:00+00:00,5632.75,5635.75,5605.0,5621.25,1126675.0,ES,IBKR,D
2024-03-14 00:00:00+00:00,5629.25,5630.75,5573.25,5605.5,1711766.0,ES,IBKR,D
2024-03-15 00:00:00+00:00,5571.25,5588.0,5551.5,5567.75,1485388.0,ES,IBKR,D
2024-03-18 00:00:00+00:00,5613.75,5629.5,5597.25,5602.0,1119430.0,ES,IBKR,D
2024-03-19 00:00:00+00:00,5592.5,5634.25,5581.25,5631.0,1095402.0,ES,IBKR,D
2024-03-20 00:00:00+00:00,5630.25,5691.25,5621.75,5679.5,1204500.0,ES,IBKR,D
2024-03-21 00:00:00+00:00,5709.75,5718.0,5693.75,5696.25,1041667.0,ES,IBKR,D
2024-03-22 00:00:00+00:00,5695.0,5700.0,5680.5,5686.5,868361.0,ES,IBKR,D
2024-03-25 00:00:00+00:00,5668.75,5681.5,5666.0,5670.25,688498.0,ES,IBKR,D
2024-03-26 00:00:00+00:00,5683.0,5687.75,5654.0,5656.25,886430.0,ES,IBKR,D
2024-03-27 00:00:00+00:00,5686.25,5708.5,5662.25,5702.5,1233364.0,ES,IBKR,D
2024-03-28 00:00:00+00:00,5703.75,5716.25,5695.75,5702.75,966600.0,ES,IBKR,D
2024-04-01 00:00:00+00:00,5706.25,5712.25,5674.5,5688.5,914419.0,ES,IBKR,D
2024-04-02 00:00:00+00:00,5643.5,5654.25,5623.75,5651.25,1091362.0,ES,IBKR,D
2024-04-03 00:00:00+00:00,5637.5,5673.0,5636.75,5657.75,1131470.0,ES,IBKR,D
2024-04-04 00:00:00+00:00,5699.25,5702.75,5578.25,5583.25,1637338.0,ES,IBKR,D
2024-04-05 00:00:00+00:00,5598.0,5664.0,5593.5,5643.25,1466463.0,ES,IBKR,D
2024-04-08 00:00:00+00:00,5649.0,5660.0,5634.75,5643.5,885441.0,ES,IBKR,D
2024-04-09 00:00:00+00:00,5663.25,5666.0,5595.0,5651.0,1414126.0,ES,IBKR,D
2024-04-10 00:00:00+00:00,5586.0,5614.75,5570.0,5594.5,1829246.0,ES,IBKR,D
2024-04-11 00:00:00+00:00,5606.5,5648.0,5566.75,5632.75,1347782.0,ES,IBKR,D
2024-04-12 00:00:00+00:00,5590.75,5606.5,5532.5,5551.25,1589878.0,ES,IBKR,D
2024-04-15 00:00:00+00:00,5598.25,5600.25,5472.25,5483.0,1783220.0,ES,IBKR,D
2024-04-16 00:00:00+00:00,5486.25,5503.75,5456.0,5470.75,1651678.0,ES,IBKR,D
2024-04-17 00:00:00+00:00,5497.5,5499.25,5421.75,5438.25,1605745.0,ES,IBKR,D
2024-04-18 00:00:00+00:00,5450.5,5473.75,5412.75,5424.0,1422006.0,ES,IBKR,D
2024-04-19 00:00:00+00:00,5422.25,5433.75,5362.0,5375.5,1674380.0,ES,IBKR,D
2024-04-22 00:00:00+00:00,5404.0,5453.75,5377.75,5422.5,1283056.0,ES,IBKR,D
2024-04-23 00:00:00+00:00,5446.0,5493.25,5439.75,5485.75,1113778.0,ES,IBKR,D
2024-04-24 00:00:00+00:00,5496.75,5505.5,5449.0,5486.75,1232558.0,ES,IBKR,D
2024-04-25 00:00:00+00:00,5413.75,5514.0,5395.25,5459.75,1498875.0,ES,IBKR,D
2024-04-26 00:00:00+00:00,5490.5,5528.75,5483.75,5512.75,1107561.0,ES,IBKR,D
2024-04-29 00:00:00+00:00,5529.5,5537.0,5499.0,5529.25,974611.0,ES,IBKR,D
2024-04-30 00:00:00+00:00,5512.0,5523.0,5426.25,5443.25,1380155.0,ES,IBKR,D
2024-05-01 00:00:00+00:00,5433.75,5507.5,5416.75,5421.25,1702612.0,ES,IBKR,D
2024-05-02 00:00:00+00:00,5460.75,5492.75,5410.25,5469.75,1302719.0,ES,IBKR,D
2024-05-03 00:00:00+00:00,5536.0,5550.5,5507.5,5537.5,1270762.0,ES,IBKR,D
2024-05-06 00:00:00+00:00,5563.25,5594.5,5558.25,5593.25,839914.0,ES,IBKR,D
2024-05-07 00:00:00+00:00,5603.75,5615.0,5592.25,5601.0,918636.0,ES,IBKR,D
2024-05-08 00:00:00+00:00,5578.0,5604.75,5576.75,5600.0,806059.0,ES,IBKR,D
2024-05-09 00:00:00+00:00,5598.25,5634.25,5590.75,5628.25,902495.0,ES,IBKR,D
2024-05-10 00:00:00+00:00,5645.75,5655.0,5621.5,5636.0,908154.0,ES,IBKR,D
2024-05-13 00:00:00+00:00,5652.75,5654.25,5622.0,5635.0,770803.0,ES,IBKR,D
2024-05-14 00:00:00+00:00,5636.5,5666.0,5630.5,5661.0,980366.0,ES,IBKR,D
2024-05-15 00:00:00+00:00,5686.75,5733.75,5679.5,5729.0,1098467.0,ES,IBKR,D
2024-05-16 00:00:00+00:00,5728.25,5746.25,5710.25,5715.5,1007091.0,ES,IBKR,D
2024-05-17 00:00:00+00:00,5716.0,5724.5,5699.75,5723.0,846370.0,ES,IBKR,D
2024-05-20 00:00:00+00:00,5723.75,5745.5,5719.25,5727.75,864175.0,ES,IBKR,D
2024-05-21 00:00:00+00:00,5720.0,5744.75,5717.75,5742.25,808482.0,ES,IBKR,D
2024-05-22 00:00:00+00:00,5734.5,5744.25,5701.0,5723.75,1079510.0,ES,IBKR,D
2024-05-23 00:00:00+00:00,5755.5,5756.25,5665.25,5677.75,1722978.0,ES,IBKR,D
2024-05-24 00:00:00+00:00,5698.5,5725.0,5688.0,5716.75,1023163.0,ES,IBKR,D
2024-05-28 00:00:00+00:00,5724.25,5727.25,5690.25,5719.5,1097608.0,ES,IBKR,D
2024-05-29 00:00:00+00:00,5674.25,5691.75,5659.5,5661.5,1153203.0,ES,IBKR,D
2024-05-30 00:00:00+00:00,5661.25,5669.0,5627.25,5640.5,1166292.0,ES,IBKR,D
2024-05-31 00:00:00+00:00,5648.25,5701.25,5592.25,5692.75,2010353.0,ES,IBKR,D
2024-06-03 00:00:00+00:00,5706.75,5708.0,5636.5,5694.25,1499080.0,ES,IBKR,D
2024-06-04 00:00:00+00:00,5677.75,5706.75,5661.0,5698.75,1384834.0,ES,IBKR,D
2024-06-05 00:00:00+00:00,5723.25,5767.0,5700.75,5764.25,1158668.0,ES,IBKR,D
2024-06-06 00:00:00+00:00,5768.0,5772.25,5742.25,5761.5,1014729.0,ES,IBKR,D
2024-06-07 00:00:00+00:00,5750.0,5785.5,5737.75,5751.25,1226752.0,ES,IBKR,D
2024-06-10 00:00:00+00:00,5744.5,5775.0,5737.75,5768.25,963354.0,ES,IBKR,D
2024-06-11 00:00:00+00:00,5753.25,5786.25,5730.75,5783.75,1171246.0,ES,IBKR,D
2024-06-12 00:00:00+00:00,5833.25,5859.75,5818.5,5842.5,1471356.0,ES,IBKR,D
2024-06-13 00:00:00+00:00,5848.75,5850.25,5810.25,5840.0,1100431.0,ES,IBKR,D
2024-06-14 00:00:00+00:00,5821.5,5842.5,5810.25,5839.5,822083.0,ES,IBKR,D
2024-06-17 00:00:00+00:00,5833.0,5902.0,5827.75,5886.5,370122.0,ES,IBKR,D
2024-06-18 00:00:00+00:00,5887.75,5904.0,5883.5,5900.75,826651.0,ES,IBKR,D
2024-06-20 00:00:00+00:00,5912.0,5918.75,5864.5,5884.0,1251670.0,ES,IBKR,D
2024-06-21 00:00:00+00:00,5873.75,5886.0,5857.5,5876.25,1042563.0,ES,IBKR,D
2024-06-24 00:00:00+00:00,5870.25,5899.5,5848.25,5854.0,1172557.0,ES,IBKR,D
2024-06-25 00:00:00+00:00,5866.25,5879.5,5850.0,5874.5,901562.0,ES,IBKR,D
2024-06-26 00:00:00+00:00,5861.75,5889.5,5854.75,5873.0,928999.0,ES,IBKR,D
2024-06-27 00:00:00+00:00,5878.5,5895.75,5869.25,5890.0,1016008.0,ES,IBKR,D
2024-06-28 00:00:00+00:00,5893.5,5927.5,5848.75,5871.75,1497621.0,ES,IBKR,D
2024-07-01 00:00:00+00:00,5876.75,5879.25,5842.25,5871.25,1153785.0,ES,IBKR,D
2024-07-02 00:00:00+00:00,5854.5,5911.5,5853.25,5904.0,1043401.0,ES,IBKR,D
2024-07-03 00:00:00+00:00,5905.5,5939.0,5905.0,5934.0,580493.0,ES,IBKR,D
2024-07-05 00:00:00+00:00,5935.25,5971.25,5928.25,5959.5,884456.0,ES,IBKR,D
2024-07-08 00:00:00+00:00,5974.25,5983.25,5959.75,5973.75,781998.0,ES,IBKR,D
2024-07-09 00:00:00+00:00,5981.75,5992.0,5973.5,5977.5,880100.0,ES,IBKR,D
2024-07-10 00:00:00+00:00,5989.5,6039.5,5986.25,6033.25,994486.0,ES,IBKR,D
2024-07-11 00:00:00+00:00,6035.25,6045.25,5975.5,5986.0,1647027.0,ES,IBKR,D
2024-07-12 00:00:00+00:00,5992.25,6058.5,5988.75,6015.25,1403663.0,ES,IBKR,D
2024-07-15 00:00:00+00:00,6039.5,6069.5,6013.5,6037.25,1471477.0,ES,IBKR,D
2024-07-16 00:00:00+00:00,6047.75,6072.25,6039.25,6066.25,1262672.0,ES,IBKR,D
2024-07-17 00:00:00+00:00,6002.25,6020.75,5977.25,5989.25,1705285.0,ES,IBKR,D
2024-07-18 00:00:00+00:00,5998.5,6009.0,5912.0,5943.5,2210024.0,ES,IBKR,D
2024-07-19 00:00:00+00:00,5930.0,5948.5,5882.0,5893.5,1736154.0,ES,IBKR,D
2024-07-22 00:00:00+00:00,5936.75,5960.5,5914.5,5952.25,1390992.0,ES,IBKR,D
2024-07-23 00:00:00+00:00,5951.5,5975.0,5937.0,5946.0,1164456.0,ES,IBKR,D
2024-07-24 00:00:00+00:00,5889.0,5892.25,5797.0,5819.75,1800177.0,ES,IBKR,D
2024-07-25 00:00:00+00:00,5807.5,5872.75,5765.75,5778.75,2357403.0,ES,IBKR,D
2024-07-26 00:00:00+00:00,5814.5,5867.5,5805.5,5836.5,1671687.0,ES,IBKR,D
2024-07-29 00:00:00+00:00,5852.5,5864.25,5817.25,5842.25,1453176.0,ES,IBKR,D
2024-07-30 00:00:00+00:00,5854.75,5866.5,5766.25,5786.5,1828945.0,ES,IBKR,D
2024-07-31 00:00:00+00:00,5883.25,5931.25,5868.0,5912.0,1723161.0,ES,IBKR,D
2024-08-01 00:00:00+00:00,5920.25,5944.25,5778.75,5807.0,2369701.0,ES,IBKR,D
2024-08-02 00:00:00+00:00,5736.0,5749.5,5658.75,5686.75,2576469.0,ES,IBKR,D
2024-08-05 00:00:00+00:00,5476.0,5603.5,5461.75,5570.25,2313948.0,ES,IBKR,D
2024-08-06 00:00:00+00:00,5556.5,5669.75,5542.0,5571.0,1682901.0,ES,IBKR,D
2024-08-07 00:00:00+00:00,5654.5,5688.0,5515.5,5521.5,1810284.0,ES,IBKR,D
2024-08-08 00:00:00+00:00,5604.75,5690.0,5582.5,5681.5,1448033.0,ES,IBKR,D
2024-08-09 00:00:00+00:00,5665.0,5715.5,5651.5,5694.25,1104669.0,ES,IBKR,D
2024-08-12 00:00:00+00:00,5711.0,5727.75,5675.75,5697.0,1040041.0,ES,IBKR,D
2024-08-13 00:00:00+00:00,5735.0,5796.25,5732.75,5790.25,995830.0,ES,IBKR,D
2024-08-14 00:00:00+00:00,5801.5,5824.5,5772.5,5817.75,1033172.0,ES,IBKR,D
2024-08-15 00:00:00+00:00,5872.0,5913.5,5865.25,5908.5,1091257.0,ES,IBKR,D
2024-08-16 00:00:00+00:00,5889.75,5929.0,5887.75,5922.5,810910.0,ES,IBKR,D
2024-08-19 00:00:00+00:00,5924.75,5977.25,5915.5,5970.25,788094.0,ES,IBKR,D
2024-08-20 00:00:00+00:00,5971.25,5990.0,5951.75,5964.75,852228.0,ES,IBKR,D
2024-08-21 00:00:00+00:00,5976.75,6002.25,5957.75,5987.5,915179.0,ES,IBKR,D
2024-08-22 00:00:00+00:00,6006.0,6012.75,5925.25,5942.0,1228777.0,ES,IBKR,D
2024-08-23 00:00:00+00:00,5971.25,6009.5,5946.75,5997.5,1230698.0,ES,IBKR,D
2024-08-26 00:00:00+00:00,6008.25,6016.75,5964.5,5974.75,941294.0,ES,IBKR,D
2024-08-27 00:00:00+00:00,5968.25,5996.0,5955.75,5989.25,822964.0,ES,IBKR,D
2024-08-28 00:00:00+00:00,5986.0,5990.75,5918.0,5936.75,1192928.0,ES,IBKR,D
2024-08-29 00:00:00+00:00,5976.0,6011.25,5941.5,5962.75,1294367.0,ES,IBKR,D
2024-08-30 00:00:00+00:00,5976.75,6012.5,5937.5,6003.5,1307103.0,ES,IBKR,D
2024-09-03 00:00:00+00:00,5971.5,5975.5,5855.25,5878.25,1508785.0,ES,IBKR,D
2024-09-04 00:00:00+00:00,5861.5,5906.5,5853.25,5866.25,1400451.0,ES,IBKR,D
2024-09-05 00:00:00+00:00,5867.5,5898.25,5826.75,5849.5,1435434.0,ES,IBKR,D
2024-09-06 00:00:00+00:00,5853.75,5872.0,5725.0,5735.25,1877364.0,ES,IBKR,D
2024-09-09 00:00:00+00:00,5797.0,5830.0,5776.5,5824.25,1272609.0,ES,IBKR,D
2024-09-10 00:00:00+00:00,5835.5,5843.75,5782.5,5837.0,1237367.0,ES,IBKR,D
2024-09-11 00:00:00+00:00,5838.0,5909.0,5744.0,5898.75,1858245.0,ES,IBKR,D
2024-09-12 00:00:00+00:00,5904.0,5951.0,5880.25,5939.75,1296528.0,ES,IBKR,D
2024-09-13 00:00:00+00:00,5951.75,5987.5,5948.75,5972.0,911767.0,ES,IBKR,D
2024-09-16 00:00:00+00:00,5973.0,5987.5,5953.25,5979.25,384438.0,ES,IBKR,D
2024-09-17 00:00:00+00:00,6003.25,6019.0,5956.75,5980.5,994101.0,ES,IBKR,D
2024-09-18 00:00:00+00:00,5987.75,6038.75,5954.25,5959.25,1336663.0,ES,IBKR,D
2024-09-19 00:00:00+00:00,6062.25,6082.5,6030.75,6062.0,1201026.0,ES,IBKR,D
2024-09-20 00:00:00+00:00,6043.5,6058.75,6015.25,6045.25,1222253.0,ES,IBKR,D
2024-09-23 00:00:00+00:00,6058.25,6068.75,6044.25,6060.75,849859.0,ES,IBKR,D
2024-09-24 00:00:00+00:00,6068.5,6079.0,6037.5,6076.75,949145.0,ES,IBKR,D
2024-09-25 00:00:00+00:00,6075.0,6083.75,6051.5,6063.0,848693.0,ES,IBKR,D
2024-09-26 00:00:00+00:00,6110.0,6113.75,6062.25,6089.75,1060948.0,ES,IBKR,D
2024-09-27 00:00:00+00:00,6097.25,6107.5,6066.25,6076.0,989526.0,ES,IBKR,D
2024-09-30 00:00:00+00:00,6064.25,6106.25,6039.25,6100.0,1177744.0,ES,IBKR,D
2024-10-01 00:00:00+00:00,6094.0,6095.0,6014.75,6042.75,1713821.0,ES,IBKR,D
2024-10-02 00:00:00+00:00,6032.25,6057.0,6005.25,6043.25,982650.0,ES,IBKR,D
2024-10-03 00:00:00+00:00,6026.75,6053.5,6007.25,6032.0,1157919.0,ES,IBKR,D
2024-10-04 00:00:00+00:00,6078.25,6090.0,6032.0,6085.0,1126816.0,ES,IBKR,D
2024-10-07 00:00:00+00:00,6066.0,6073.25,6016.0,6027.0,939444.0,ES,IBKR,D
2024-10-08 00:00:00+00:00,6056.25,6092.25,6047.0,6085.5,853947.0,ES,IBKR,D
2024-10-09 00:00:00+00:00,6084.5,6133.75,6078.5,6128.25,924305.0,ES,IBKR,D
2024-10-10 00:00:00+00:00,6111.75,6130.5,6097.25,6115.5,849766.0,ES,IBKR,D
2024-10-11 00:00:00+00:00,6110.5,6156.75,6109.5,6147.75,831774.0,ES,IBKR,D
2024-10-14 00:00:00+00:00,6165.25,6209.5,6161.75,6198.75,730147.0,ES,IBKR,D
2024-10-15 00:00:00+00:00,6201.5,6204.75,6137.5,6151.0,1141292.0,ES,IBKR,D
2024-10-16 00:00:00+00:00,6149.75,6182.25,6141.0,6176.25,758617.0,ES,IBKR,D
2024-10-17 00:00:00+00:00,6214.0,6216.25,6174.0,6176.25,970596.0,ES,IBKR,D
2024-10-18 00:00:00+00:00,6191.5,6206.25,6175.75,6196.25,730385.0,ES,IBKR,D
2024-10-21 00:00:00+00:00,6188.5,6199.0,6153.25,6186.0,900472.0,ES,IBKR,D
2024-10-22 00:00:00+00:00,6157.75,6194.5,6150.25,6182.0,824014.0,ES,IBKR,D
2024-10-23 00:00:00+00:00,6158.75,6163.5,6086.0,6124.75,1270217.0,ES,IBKR,D
2024-10-24 00:00:00+00:00,6144.75,6145.75,6108.75,6136.5,967719.0,ES,IBKR,D
2024-10-25 00:00:00+00:00,6158.5,6190.75,6121.75,6133.25,1166199.0,ES,IBKR,D
2024-10-28 00:00:00+00:00,6168.75,6169.75,6147.5,6149.5,782339.0,ES,IBKR,D
2024-10-29 00:00:00+00:00,6139.5,6173.0,6124.5,6159.5,951328.0,ES,IBKR,D
2024-10-30 00:00:00+00:00,6154.5,6176.0,6127.25,6139.5,1063978.0,ES,IBKR,D
2024-10-31 00:00:00+00:00,6092.75,6092.75,6015.0,6020.5,1594014.0,ES,IBKR,D
2024-11-01 00:00:00+00:00,6044.0,6089.0,6035.25,6041.25,1259321.0,ES,IBKR,D
2024-11-04 00:00:00+00:00,6040.75,6055.25,6005.5,6025.5,1062278.0,ES,IBKR,D
2024-11-05 00:00:00+00:00,6035.75,6109.5,6033.25,6098.0,998048.0,ES,IBKR,D
2024-11-06 00:00:00+00:00,6231.0,6260.25,6190.75,6251.0,1279628.0,ES,IBKR,D
2024-11-07 00:00:00+00:00,6270.75,6308.5,6269.75,6298.75,1004076.0,ES,IBKR,D
2024-11-08 00:00:00+00:00,6300.0,6337.5,6300.0,6321.5,885614.0,ES,IBKR,D
2024-11-11 00:00:00+00:00,6339.0,6342.25,6309.0,6328.25,848998.0,ES,IBKR,D
2024-11-12 00:00:00+00:00,6327.0,6333.25,6281.0,6308.5,1123146.0,ES,IBKR,D
2024-11-13 00:00:00+00:00,6311.75,6332.0,6286.25,6311.75,1125095.0,ES,IBKR,D
2024-11-14 00:00:00+00:00,6311.0,6316.5,6257.5,6272.0,1276933.0,ES,IBKR,D
2024-11-15 00:00:00+00:00,6228.5,6233.75,6165.5,6186.25,1541557.0,ES,IBKR,D
2024-11-18 00:00:00+00:00,6190.25,6224.5,6180.75,6211.0,1027548.0,ES,IBKR,D
2024-11-19 00:00:00+00:00,6173.0,6239.75,6165.0,6230.75,1158420.0,ES,IBKR,D
2024-11-20 00:00:00+00:00,6230.75,6236.5,6169.0,6229.5,1326865.0,ES,IBKR,D
2024-11-21 00:00:00+00:00,6261.0,6279.25,6197.5,6264.0,1476163.0,ES,IBKR,D
2024-11-22 00:00:00+00:00,6261.5,6288.0,6255.75,6281.25,1244348.0,ES,IBKR,D
2024-11-25 00:00:00+00:00,6323.0,6336.75,6276.5,6301.75,1333989.0,ES,IBKR,D
2024-11-26 00:00:00+00:00,6314.25,6341.0,6306.75,6335.0,988177.0,ES,IBKR,D
2024-11-27 00:00:00+00:00,6329.5,6333.75,6295.25,6310.75,922681.0,ES,IBKR,D
2024-11-29 00:00:00+00:00,6317.5,6357.75,6314.75,6349.0,564144.0,ES,IBKR,D
2024-12-02 00:00:00+00:00,6352.75,6366.75,6347.0,6361.0,773527.0,ES,IBKR,D
2024-12-03 00:00:00+00:00,6356.25,6369.0,6344.75,6365.0,786529.0,ES,IBKR,D
2024-12-04 00:00:00+00:00,6378.75,6402.25,6371.0,6395.0,902562.0,ES,IBKR,D
2024-12-05 00:00:00+00:00,6398.5,6407.5,6380.5,6384.75,921302.0,ES,IBKR,D
2024-12-06 00:00:00+00:00,6394.0,6411.25,6389.25,6396.5,915367.0,ES,IBKR,D
2024-12-09 00:00:00+00:00,6395.5,6397.5,6357.75,6361.25,1126732.0,ES,IBKR,D
2024-12-10 00:00:00+00:00,6370.25,6373.75,6336.5,6350.25,1105302.0,ES,IBKR,D
2024-12-11 00:00:00+00:00,6374.0,6402.5,6371.0,6386.5,990655.0,ES,IBKR,D
2024-12-12 00:00:00+00:00,6381.25,6387.0,6353.0,6356.5,1152801.0,ES,IBKR,D
2024-12-13 00:00:00+00:00,6376.0,6383.75,6338.25,6348.75,1027682.0,ES,IBKR,D
2024-12-16 00:00:00+00:00,6371.0,6389.75,6362.75,6375.25,378263.0,ES,IBKR,D
2024-12-17 00:00:00+00:00,6347.75,6358.75,6334.0,6347.5,997849.0,ES,IBKR,D
2024-12-18 00:00:00+00:00,6344.0,6369.0,6118.75,6153.75,2009987.0,ES,IBKR,D
2024-12-19 00:00:00+00:00,6204.0,6221.0,6144.5,6147.25,1716173.0,ES,IBKR,D
2024-12-20 00:00:00+00:00,6119.5,6268.25,6110.25,6217.5,1720536.0,ES,IBKR,D
2024-12-23 00:00:00+00:00,6214.25,6260.25,6179.25,6253.0,1102408.0,ES,IBKR,D
2024-12-24 00:00:00+00:00,6265.25,6318.75,6259.5,6317.25,497383.0,ES,IBKR,D
2024-12-26 00:00:00+00:00,6297.75,6327.0,6281.25,6314.25,724353.0,ES,IBKR,D
2024-12-27 00:00:00+00:00,6270.0,6273.0,6197.75,6243.5,1411128.0,ES,IBKR,D
2024-12-30 00:00:00+00:00,6169.25,6208.75,6131.0,6173.0,1282058.0,ES,IBKR,D
2024-12-31 00:00:00+00:00,6187.25,6195.25,6130.0,6149.0,1142781.0,ES,IBKR,D
2025-01-02 00:00:00+00:00,6182.25,6200.0,6085.75,6129.0,1496415.0,ES,IBKR,D
2025-01-03 00:00:00+00:00,6158.75,6212.25,6147.25,6204.75,1009229.0,ES,IBKR,D
2025-01-06 00:00:00+00:00,6249.5,6286.25,6219.75,6236.75,1207465.0,ES,IBKR,D
2025-01-07 00:00:00+00:00,6259.25,6262.75,6148.25,6168.25,1543464.0,ES,IBKR,D
2025-01-08 00:00:00+00:00,6168.0,6186.25,6129.75,6173.5,1436052.0,ES,IBKR,D
2025-01-10 00:00:00+00:00,6133.5,6134.5,6055.25,6072.25,1696137.0,ES,IBKR,D
2025-01-13 00:00:00+00:00,6026.5,6094.75,6022.0,6093.0,1420722.0,ES,IBKR,D
2025-01-14 00:00:00+00:00,6114.75,6122.25,6052.5,6103.25,1525051.0,ES,IBKR,D
2025-01-15 00:00:00+00:00,6179.0,6217.0,6166.5,6203.0,1256322.0,ES,IBKR,D
2025-01-16 00:00:00+00:00,6217.5,6220.0,6176.0,6184.0,1268023.0,ES,IBKR,D
2025-01-17 00:00:00+00:00,6243.25,6269.0,6228.75,6249.25,1082378.0,ES,IBKR,D
2025-01-21 00:00:00+00:00,6281.75,6312.25,6260.75,6310.75,1111808.0,ES,IBKR,D
2025-01-22 00:00:00+00:00,6336.0,6356.25,6330.75,6340.25,987097.0,ES,IBKR,D
2025-01-23 00:00:00+00:00,6333.25,6375.25,6330.75,6369.5,917464.0,ES,IBKR,D
2025-01-24 00:00:00+00:00,6373.0,6383.75,6342.0,6352.25,1017586.0,ES,IBKR,D
2025-01-27 00:00:00+00:00,6213.5,6274.25,6212.25,6267.75,1688106.0,ES,IBKR,D
2025-01-28 00:00:00+00:00,6275.25,6325.0,6240.0,6310.25,1279360.0,ES,IBKR,D
2025-01-29 00:00:00+00:00,6306.0,6310.25,6259.5,6294.75,1342474.0,ES,IBKR,D
2025-01-30 00:00:00+00:00,6308.25,6336.0,6274.25,6312.25,1370253.0,ES,IBKR,D
2025-01-31 00:00:00+00:00,6342.5,6368.75,6275.5,6283.5,1609577.0,ES,IBKR,D
2025-02-03 00:00:00+00:00,6186.75,6279.75,6164.0,6273.0,1710269.0,ES,IBKR,D
2025-02-04 00:00:00+00:00,6240.0,6286.75,6234.25,6263.0,1012513.0,ES,IBKR,D
2025-02-05 00:00:00+00:00,6268.5,6311.0,6246.25,6308.75,956301.0,ES,IBKR,D
2025-02-06 00:00:00+00:00,6323.0,6328.0,6288.25,6313.25,962902.0,ES,IBKR,D
2025-02-07 00:00:00+00:00,6330.0,6343.25,6258.25,6267.5,1463511.0,ES,IBKR,D
2025-02-10 00:00:00+00:00,6299.25,6315.0,6285.75,6306.5,799826.0,ES,IBKR,D
2025-02-11 00:00:00+00:00,6283.0,6318.0,6282.0,6309.25,832687.0,ES,IBKR,D
2025-02-12 00:00:00+00:00,6247.5,6303.5,6240.25,6298.25,1208683.0,ES,IBKR,D
2025-02-13 00:00:00+00:00,6302.0,6358.5,6288.5,6352.5,1250351.0,ES,IBKR,D
2025-02-14 00:00:00+00:00,6355.0,6366.0,6346.0,6354.5,800631.0,ES,IBKR,D
2025-02-18 00:00:00+00:00,6364.0,6370.5,6338.0,6365.5,923879.0,ES,IBKR,D
2025-02-19 00:00:00+00:00,6354.75,6388.0,6349.5,6376.25,879970.0,ES,IBKR,D
2025-02-20 00:00:00+00:00,6369.5,6371.0,6322.0,6353.5,1205593.0,ES,IBKR,D
2025-02-21 00:00:00+00:00,6353.0,6353.5,6241.0,6246.5,1691282.0,ES,IBKR,D
2025-02-24 00:00:00+00:00,6267.5,6277.75,6210.0,6221.25,1504553.0,ES,IBKR,D
2025-02-25 00:00:00+00:00,6216.25,6223.75,6137.0,6194.75,1864021.0,ES,IBKR,D
2025-02-26 00:00:00+00:00,6202.5,6240.25,6159.25,6205.5,1644114.0,ES,IBKR,D
2025-02-27 00:00:00+00:00,6211.0,6223.25,6084.0,6092.25,2198039.0,ES,IBKR,D
2025-02-28 00:00:00+00:00,6091.0,6185.5,6058.25,6172.0,2339831.0,ES,IBKR,D
2025-03-03 00:00:00+00:00,6199.75,6212.5,6031.0,6086.25,2229904.0,ES,IBKR,D
2025-03-04 00:00:00+00:00,6028.0,6087.0,5950.5,6034.25,2787467.0,ES,IBKR,D
2025-03-05 00:00:00+00:00,5996.0,6080.5,5957.5,6055.5,1818030.0,ES,IBKR,D
2025-03-06 00:00:00+00:00,5981.25,6030.5,5925.5,5968.25,2155366.0,ES,IBKR,D
2025-03-07 00:00:00+00:00,5932.0,5999.0,5876.75,5979.25,1865646.0,ES,IBKR,D
2025-03-10 00:00:00+00:00,5895.75,5916.5,5771.75,5831.0,2068527.0,ES,IBKR,D
2025-03-11 00:00:00+00:00,5810.5,5846.5,5732.75,5777.25,2072069.0,ES,IBKR,D
2025-03-12 00:00:00+00:00,5838.0,5847.75,5749.75,5798.5,1513476.0,ES,IBKR,D
2025-03-13 00:00:00+00:00,5799.25,5805.25,5707.25,5736.5,1561729.0,ES,IBKR,D
2025-03-14 00:00:00+00:00,5772.25,5851.75,5764.0,5831.0,1307640.0,ES,IBKR,D
2025-03-17 00:00:00+00:00,5839.75,5912.5,5835.25,5884.5,554842.0,ES,IBKR,D
2025-03-18 00:00:00+00:00,5860.25,5862.75,5800.75,5819.75,1012705.0,ES,IBKR,D
2025-03-19 00:00:00+00:00,5838.75,5923.75,5826.5,5881.75,1161071.0,ES,IBKR,D
2025-03-20 00:00:00+00:00,5842.75,5918.25,5835.25,5864.25,1262796.0,ES,IBKR,D
2025-03-21 00:00:00+00:00,5814.0,5874.0,5802.25,5870.0,1214828.0,ES,IBKR,D
2025-03-24 00:00:00+00:00,5936.0,5980.0,5929.25,5969.75,1106689.0,ES,IBKR,D
2025-03-25 00:00:00+00:00,5980.5,5992.25,5963.75,5981.25,842430.0,ES,IBKR,D
2025-03-26 00:00:00+00:00,5978.5,5989.25,5895.5,5912.25,1269497.0,ES,IBKR,D
2025-03-27 00:00:00+00:00,5895.25,5933.25,5871.75,5891.5,1287285.0,ES,IBKR,D
2025-03-28 00:00:00+00:00,5875.5,5883.25,5751.0,5772.25,1595221.0,ES,IBKR,D
2025-03-31 00:00:00+00:00,5711.25,5823.25,5680.5,5803.25,1766518.0,ES,IBKR,D
2025-04-01 00:00:00+00:00,5788.5,5846.0,5749.0,5825.0,1521047.0,ES,IBKR,D
2025-04-02 00:00:00+00:00,5762.0,5926.5,5714.0,5863.75,1731713.0,ES,IBKR,D
2025-04-03 00:00:00+00:00,5658.25,5687.5,5559.0,5577.0,1823498.0,ES,IBKR,D
2025-04-04 00:00:00+00:00,5432.5,5455.5,5208.75,5245.75,2588168.0,ES,IBKR,D
2025-04-07 00:00:00+00:00,5073.0,5426.75,4996.25,5232.5,2426194.0,ES,IBKR,D
2025-04-08 00:00:00+00:00,5412.0,5446.0,5071.5,5153.5,1829856.0,ES,IBKR,D
2025-04-09 00:00:00+00:00,5115.25,5666.5,5112.25,5636.75,2186967.0,ES,IBKR,D
2025-04-10 00:00:00+00:00,5518.25,5532.0,5283.25,5442.75,1856600.0,ES,IBKR,D
2025-04-11 00:00:00+00:00,5421.5,5562.0,5390.75,5534.25,1229829.0,ES,IBKR,D
2025-04-14 00:00:00+00:00,5639.0,5642.25,5534.0,5585.25,1001830.0,ES,IBKR,D
2025-04-15 00:00:00+00:00,5593.75,5630.5,5563.25,5572.25,920261.0,ES,IBKR,D
2025-04-16 00:00:00+00:00,5509.75,5544.25,5390.25,5446.5,1208403.0,ES,IBKR,D
2025-04-17 00:00:00+00:00,5464.0,5501.75,5425.75,5453.75,1030903.0,ES,IBKR,D
2025-04-21 00:00:00+00:00,5397.0,5402.25,5263.25,5322.25,994740.0,ES,IBKR,D
2025-04-22 00:00:00+00:00,5384.75,5481.0,5375.0,5455.75,1301050.0,ES,IBKR,D
2025-04-23 00:00:00+00:00,5594.75,5645.75,5526.75,5545.0,1445582.0,ES,IBKR,D
2025-04-24 00:00:00+00:00,5555.25,5688.5,5541.75,5657.5,1111018.0,ES,IBKR,D
2025-04-25 00:00:00+00:00,5656.75,5709.75,5625.75,5697.0,1027888.0,ES,IBKR,D
2025-04-28 00:00:00+00:00,5704.5,5726.75,5637.75,5700.25,978820.0,ES,IBKR,D
2025-04-29 00:00:00+00:00,5677.75,5745.75,5674.5,5732.0,984694.0,ES,IBKR,D
2025-04-30 00:00:00+00:00,5662.75,5775.5,5600.25,5735.25,1509384.0,ES,IBKR,D
2025-05-01 00:00:00+00:00,5794.75,5833.25,5750.5,5772.5,1110529.0,ES,IBKR,D
2025-05-02 00:00:00+00:00,5837.5,5876.75,5813.25,5860.5,1057271.0,ES,IBKR,D
2025-05-05 00:00:00+00:00,5814.5,5857.75,5805.25,5822.25,807865.0,ES,IBKR,D
2025-05-06 00:00:00+00:00,5765.5,5822.25,5753.75,5775.0,1077219.0,ES,IBKR,D
2025-05-07 00:00:00+00:00,5788.25,5825.5,5744.5,5802.0,1140347.0,ES,IBKR,D
2025-05-08 00:00:00+00:00,5839.75,5893.25,5803.0,5835.25,1129065.0,ES,IBKR,D
2025-05-09 00:00:00+00:00,5851.0,5861.5,5812.75,5828.75,818434.0,ES,IBKR,D
2025-05-12 00:00:00+00:00,6005.5,6032.25,5959.75,6020.75,1259819.0,ES,IBKR,D
2025-05-13 00:00:00+00:00,6025.5,6084.25,6019.0,6061.25,1068914.0,ES,IBKR,D
2025-05-14 00:00:00+00:00,6070.25,6082.25,6046.25,6065.25,969011.0,ES,IBKR,D
2025-05-15 00:00:00+00:00,6045.25,6102.25,6040.75,6090.75,1044264.0,ES,IBKR,D
2025-05-16 00:00:00+00:00,6102.25,6136.25,6082.0,6134.0,927514.0,ES,IBKR,D
2025-05-19 00:00:00+00:00,6069.25,6146.5,6069.25,6141.25,965236.0,ES,IBKR,D
2025-05-20 00:00:00+00:00,6120.25,6129.5,6084.0,6118.0,918439.0,ES,IBKR,D
2025-05-21 00:00:00+00:00,6071.5,6114.25,6003.0,6016.75,1299084.0,ES,IBKR,D
2025-05-22 00:00:00+00:00,6011.0,6051.5,5997.75,6012.25,1127484.0,ES,IBKR,D
2025-05-23 00:00:00+00:00,5937.5,5998.75,5934.0,5971.5,1126552.0,ES,IBKR,D
2025-05-27 00:00:00+00:00,6042.5,6099.5,6024.0,6091.75,927444.0,ES,IBKR,D
2025-05-28 00:00:00+00:00,6098.0,6110.5,6046.25,6059.5,1001422.0,ES,IBKR,D
2025-05-29 00:00:00+00:00,6113.0,6114.25,6040.25,6080.0,1049555.0,ES,IBKR,D
2025-05-30 00:00:00+00:00,6067.25,6090.25,6008.5,6073.0,1349986.0,ES,IBKR,D
2025-06-02 00:00:00+00:00,6054.0,6113.5,6026.25,6105.0,971850.0,ES,IBKR,D
2025-06-03 00:00:00+00:00,6101.25,6150.25,6095.75,6140.25,949312.0,ES,IBKR,D
2025-06-04 00:00:00+00:00,6148.25,6158.25,6132.75,6139.75,894093.0,ES,IBKR,D
2025-06-05 00:00:00+00:00,6154.0,6168.5,6086.0,6103.75,1332379.0,ES,IBKR,D
2025-06-06 00:00:00+00:00,6162.0,6185.0,6143.25,6166.25,1021444.0,ES,IBKR,D
2025-06-09 00:00:00+00:00,6172.25,6187.75,6159.25,6169.75,720229.0,ES,IBKR,D
2025-06-10 00:00:00+00:00,6176.0,6210.0,6164.25,6205.5,838725.0,ES,IBKR,D
2025-06-11 00:00:00+00:00,6216.25,6225.75,6165.75,6189.0,1221546.0,ES,IBKR,D
2025-06-12 00:00:00+00:00,6173.5,6211.75,6168.0,6210.0,924053.0,ES,IBKR,D
2025-06-13 00:00:00+00:00,6155.25,6189.75,6123.5,6138.0,1068162.0,ES,IBKR,D
2025-06-16 00:00:00+00:00,6173.75,6216.0,6173.0,6196.0,425665.0,ES,IBKR,D
2025-06-17 00:00:00+00:00,6170.75,6187.25,6135.5,6143.75,965828.0,ES,IBKR,D
2025-06-18 00:00:00+00:00,6150.5,6179.75,6131.25,6139.5,965184.0,ES,IBKR,D
2025-06-20 00:00:00+00:00,6166.25,6176.75,6108.0,6123.0,1091034.0,ES,IBKR,D
2025-06-23 00:00:00+00:00,6130.0,6187.5,6097.75,6183.0,1103344.0,ES,IBKR,D
2025-06-24 00:00:00+00:00,6225.25,6262.5,6215.5,6253.5,769925.0,ES,IBKR,D
2025-06-25 00:00:00+00:00,6262.25,6267.75,6237.75,6254.25,748592.0,ES,IBKR,D
2025-06-26 00:00:00+00:00,6273.0,6308.0,6266.75,6303.0,843090.0,ES,IBKR,D
2025-06-27 00:00:00+00:00,6312.5,6347.75,6291.0,6332.25,1129568.0,ES,IBKR,D
2025-06-30 00:00:00+00:00,6357.25,6374.75,6332.75,6362.75,1094407.0,ES,IBKR,D
2025-07-01 00:00:00+00:00,6344.0,6370.75,6336.0,6357.75,1110064.0,ES,IBKR,D
2025-07-02 00:00:00+00:00,6354.0,6389.0,6347.0,6384.5,826769.0,ES,IBKR,D
2025-07-03 00:00:00+00:00,6403.0,6443.75,6402.5,6434.5,539274.0,ES,IBKR,D
2025-07-07 00:00:00+00:00,6412.0,6419.75,6355.25,6385.5,1055574.0,ES,IBKR,D
2025-07-08 00:00:00+00:00,6390.5,6398.5,6371.75,6381.25,914471.0,ES,IBKR,D
2025-07-09 00:00:00+00:00,6405.0,6425.25,6385.5,6417.25,980133.0,ES,IBKR,D
2025-07-10 00:00:00+00:00,6417.75,6446.0,6405.75,6434.5,769119.0,ES,IBKR,D
2025-07-11 00:00:00+00:00,6400.25,6422.75,6388.0,6409.75,831613.0,ES,IBKR,D
2025-07-14 00:00:00+00:00,6404.25,6425.0,6390.0,6421.0,744986.0,ES,IBKR,D
2025-07-15 00:00:00+00:00,6448.5,6452.25,6381.75,6393.5,1020093.0,ES,IBKR,D
2025-07-16 00:00:00+00:00,6408.25,6418.75,6349.75,6413.25,1256071.0,ES,IBKR,D
2025-07-17 00:00:00+00:00,6414.5,6456.25,6412.0,6451.0,847951.0,ES,IBKR,D
2025-07-18 00:00:00+00:00,6462.75,6464.25,6433.5,6445.25,837806.0,ES,IBKR,D
2025-07-21 00:00:00+00:00,6456.0,6485.25,6451.5,6455.5,789612.0,ES,IBKR,D
2025-07-22 00:00:00+00:00,6458.75,6464.5,6429.0,6457.5,970379.0,ES,IBKR,D
2025-07-23 00:00:00+00:00,6483.75,6519.0,6464.25,6507.75,995445.0,ES,IBKR,D
2025-07-24 00:00:00+00:00,6513.75,6530.25,6507.75,6513.0,890998.0,ES,IBKR,D
2025-07-25 00:00:00+00:00,6516.75,6543.25,6514.25,6537.0,665463.0,ES,IBKR,D
2025-07-28 00:00:00+00:00,6541.0,6546.5,6520.5,6534.75,771975.0,ES,IBKR,D
2025-07-29 00:00:00+00:00,6549.25,6552.25,6507.75,6517.75,973076.0,ES,IBKR,D
2025-07-30 00:00:00+00:00,6523.75,6547.5,6477.75,6507.75,1128086.0,ES,IBKR,D
2025-07-31 00:00:00+00:00,6559.25,6563.5,6468.25,6485.5,1562250.0,ES,IBKR,D
2025-08-01 00:00:00+00:00,6421.0,6421.5,6348.25,6373.75,1826354.0,ES,IBKR,D
2025-08-04 00:00:00+00:00,6413.0,6481.0,6412.0,6466.75,1020131.0,ES,IBKR,D
2025-08-05 00:00:00+00:00,6474.75,6482.75,6425.5,6435.5,1197111.0,ES,IBKR,D
2025-08-06 00:00:00+00:00,6445.5,6490.75,6436.0,6482.0,1021524.0,ES,IBKR,D
2025-08-07 00:00:00+00:00,6519.0,6526.25,6445.0,6477.5,1223036.0,ES,IBKR,D
2025-08-08 00:00:00+00:00,6494.25,6537.75,6491.0,6525.25,1013104.0,ES,IBKR,D
2025-08-11 00:00:00+00:00,6528.25,6543.75,6498.75,6511.25,914648.0,ES,IBKR,D
2025-08-12 00:00:00+00:00,6535.75,6582.75,6520.25,6581.25,1005924.0,ES,IBKR,D
2025-08-13 00:00:00+00:00,6602.75,6616.0,6579.5,6602.0,931899.0,ES,IBKR,D
2025-08-14 00:00:00+00:00,6580.25,6609.25,6575.5,6603.75,975954.0,ES,IBKR,D
2025-08-15 00:00:00+00:00,6610.0,6611.25,6574.25,6584.25,900788.0,ES,IBKR,D
2025-08-18 00:00:00+00:00,6577.25,6588.25,6569.75,6582.0,718231.0,ES,IBKR,D
2025-08-19 00:00:00+00:00,6579.0,6589.25,6531.25,6544.75,1067542.0,ES,IBKR,D
2025-08-20 00:00:00+00:00,6540.0,6543.0,6473.75,6525.0,1375046.0,ES,IBKR,D
2025-08-21 00:00:00+00:00,6506.75,6524.0,6481.25,6499.75,1013620.0,ES,IBKR,D
2025-08-22 00:00:00+00:00,6519.5,6609.5,6514.25,6596.25,1223132.0,ES,IBKR,D
2025-08-25 00:00:00+00:00,6582.75,6595.75,6565.5,6568.0,774725.0,ES,IBKR,D
2025-08-26 00:00:00+00:00,6563.25,6600.5,6556.75,6595.5,882807.0,ES,IBKR,D
2025-08-27 00:00:00+00:00,6587.0,6619.0,6572.0,6609.25,808486.0,ES,IBKR,D
2025-08-28 00:00:00+00:00,6613.25,6636.75,6593.75,6631.25,957454.0,ES,IBKR,D
2025-08-29 00:00:00+00:00,6612.25,6616.25,6568.0,6585.5,1138715.0,ES,IBKR,D
2025-09-02 00:00:00+00:00,6509.75,6560.0,6482.75,6537.5,1363042.0,ES,IBKR,D
2025-09-03 00:00:00+00:00,6561.25,6577.0,6538.5,6569.75,1205924.0,ES,IBKR,D
2025-09-04 00:00:00+00:00,6578.5,6630.5,6568.75,6624.25,987273.0,ES,IBKR,D
2025-09-05 00:00:00+00:00,6647.5,6655.75,6564.5,6603.0,1433929.0,ES,IBKR,D
2025-09-08 00:00:00+00:00,6618.0,6630.0,6603.5,6619.5,972388.0,ES,IBKR,D
2025-09-09 00:00:00+00:00,6620.75,6650.25,6602.5,6635.5,981348.0,ES,IBKR,D
2025-09-10 00:00:00+00:00,6667.25,6676.75,6636.25,6653.75,1095511.0,ES,IBKR,D
2025-09-11 00:00:00+00:00,6672.0,6715.0,6666.25,6707.5,963739.0,ES,IBKR,D
2025-09-12 00:00:00+00:00,6704.75,6721.25,6697.75,6703.25,824004.0,ES,IBKR,D
2025-09-15 00:00:00+00:00,6725.0,6739.75,6721.5,6737.75,621251.0,ES,IBKR,D
2025-09-16 00:00:00+00:00,6743.5,6746.75,6719.5,6725.75,845045.0,ES,IBKR,D
2025-09-17 00:00:00+00:00,6727.25,6745.0,6668.75,6717.0,1286799.0,ES,IBKR,D
2025-09-18 00:00:00+00:00,6745.25,6776.75,6728.5,6752.0,1092361.0,ES,IBKR,D
2025-09-19 00:00:00+00:00,6765.75,6790.5,6745.75,6781.25,1054896.0,ES,IBKR,D
2025-09-22 00:00:00+00:00,6764.75,6815.75,6764.5,6811.5,881175.0,ES,IBKR,D
2025-09-23 00:00:00+00:00,6809.25,6815.5,6760.25,6773.75,1096484.0,ES,IBKR,D
2025-09-24 00:00:00+00:00,6786.0,6787.25,6736.5,6750.75,1072814.0,ES,IBKR,D
2025-09-25 00:00:00+00:00,6718.25,6733.5,6682.25,6718.0,1440581.0,ES,IBKR,D
2025-09-26 00:00:00+00:00,6731.75,6762.5,6715.5,6755.0,1093048.0,ES,IBKR,D
2025-09-29 00:00:00+00:00,6781.0,6790.25,6754.75,6772.25,979471.0,ES,IBKR,D
2025-09-30 00:00:00+00:00,6765.5,6802.5,6751.5,6797.75,1292254.0,ES,IBKR,D
2025-10-01 00:00:00+00:00,6765.5,6828.75,6764.0,6820.75,1018709.0,ES,IBKR,D
2025-10-02 00:00:00+00:00,6838.25,6839.5,6800.5,6826.0,986357.0,ES,IBKR,D
2025-10-03 00:00:00+00:00,6831.25,6859.5,6813.0,6823.25,1188259.0,ES,IBKR,D
2025-10-06 00:00:00+00:00,6848.25,6857.25,6825.75,6848.25,873923.0,ES,IBKR,D
2025-10-07 00:00:00+00:00,6856.75,6861.25,6806.25,6820.75,1235006.0,ES,IBKR,D
2025-10-08 00:00:00+00:00,6832.5,6867.25,6823.75,6860.75,867723.0,ES,IBKR,D
2025-10-09 00:00:00+00:00,6865.0,6869.0,6820.0,6838.5,1181414.0,ES,IBKR,D
2025-10-10 00:00:00+00:00,6847.5,6866.0,6597.5,6653.0,2311968.0,ES,IBKR,D
2025-10-13 00:00:00+00:00,6728.5,6770.25,6720.0,6753.25,1289922.0,ES,IBKR,D
2025-10-14 00:00:00+00:00,6692.0,6781.25,6651.0,6745.0,1691802.0,ES,IBKR,D
2025-10-15 00:00:00+00:00,6791.0,6826.0,6709.75,6773.75,1735349.0,ES,IBKR,D
2025-10-16 00:00:00+00:00,6790.5,6809.5,6690.0,6727.0,1969689.0,ES,IBKR,D
2025-10-17 00:00:00+00:00,6712.75,6776.75,6698.5,6761.25,1497341.0,ES,IBKR,D
2025-10-20 00:00:00+00:00,6792.5,6842.25,6792.0,6833.0,956230.0,ES,IBKR,D
2025-10-21 00:00:00+00:00,6833.5,6849.25,6818.25,6832.5,1103574.0,ES,IBKR,D
2025-10-22 00:00:00+00:00,6838.25,6838.5,6749.25,6796.0,1691265.0,ES,IBKR,D
2025-10-23 00:00:00+00:00,6798.25,6845.0,6795.0,6834.25,1137746.0,ES,IBKR,D
2025-10-24 00:00:00+00:00,6880.5,6901.0,6872.0,6886.75,1008750.0,ES,IBKR,D
2025-10-27 00:00:00+00:00,6943.25,6976.75,6937.25,6968.75,943320.0,ES,IBKR,D
2025-10-28 00:00:00+00:00,6986.25,7005.5,6963.5,6986.25,1004419.0,ES,IBKR,D
2025-10-29 00:00:00+00:00,7002.75,7012.75,6942.5,6983.25,1318150.0,ES,IBKR,D
2025-10-30 00:00:00+00:00,6953.25,6974.25,6911.0,6915.5,1442334.0,ES,IBKR,D
2025-10-31 00:00:00+00:00,6962.25,6963.0,6903.25,6934.25,1491736.0,ES,IBKR,D
2025-11-03 00:00:00+00:00,6968.75,6970.0,6909.5,6943.0,1121263.0,ES,IBKR,D
2025-11-04 00:00:00+00:00,6869.75,6909.25,6854.25,6861.25,1305661.0,ES,IBKR,D
2025-11-05 00:00:00+00:00,6858.0,6917.75,6849.25,6885.0,1110447.0,ES,IBKR,D
2025-11-06 00:00:00+00:00,6871.75,6881.25,6792.5,6806.5,1583091.0,ES,IBKR,D
2025-11-07 00:00:00+00:00,6782.25,6825.0,6713.75,6812.75,1749551.0,ES,IBKR,D
2025-11-10 00:00:00+00:00,6875.25,6925.75,6852.25,6916.75,1293748.0,ES,IBKR,D
2025-11-11 00:00:00+00:00,6902.25,6940.25,6890.25,6931.5,1145211.0,ES,IBKR,D
2025-11-12 00:00:00+00:00,6951.5,6953.0,6912.0,6936.0,1190502.0,ES,IBKR,D
2025-11-13 00:00:00+00:00,6907.25,6910.5,6805.0,6819.25,1785504.0,ES,IBKR,D
2025-11-14 00:00:00+00:00,6750.5,6855.0,6728.75,6814.25,1659652.0,ES,IBKR,D
2025-11-17 00:00:00+00:00,6793.25,6834.0,6716.75,6750.5,1603850.0,ES,IBKR,D
2025-11-18 00:00:00+00:00,6715.0,6746.0,6651.75,6697.75,2126069.0,ES,IBKR,D
2025-11-19 00:00:00+00:00,6700.5,6767.75,6680.0,6719.75,1716925.0,ES,IBKR,D
2025-11-20 00:00:00+00:00,6824.25,6850.75,6607.75,6614.75,2590974.0,ES,IBKR,D
2025-11-21 00:00:00+00:00,6639.0,6736.0,6596.25,6678.25,2032762.0,ES,IBKR,D
2025-11-24 00:00:00+00:00,6716.0,6790.75,6705.0,6780.0,1325236.0,ES,IBKR,D
2025-11-25 00:00:00+00:00,6775.25,6852.0,6733.0,6840.75,1379219.0,ES,IBKR,D
2025-11-26 00:00:00+00:00,6864.5,6906.75,6855.25,6887.75,1203753.0,ES,IBKR,D
2025-11-28 00:00:00+00:00,6894.0,6923.75,6891.0,6919.5,300011.0,ES,IBKR,D
2025-12-01 00:00:00+00:00,6873.0,6915.75,6872.25,6886.5,1179883.0,ES,IBKR,D
2025-12-02 00:00:00+00:00,6904.0,6923.5,6877.75,6900.0,1254698.0,ES,IBKR,D
2025-12-03 00:00:00+00:00,6889.0,6933.25,6880.0,6922.0,1050119.0,ES,IBKR,D
2025-12-04 00:00:00+00:00,6936.5,6937.0,6896.0,6926.75,1137508.0,ES,IBKR,D
2025-12-05 00:00:00+00:00,6935.5,6965.5,6926.5,6938.5,1123878.0,ES,IBKR,D
2025-12-08 00:00:00+00:00,6946.0,6946.5,6895.0,6915.75,1033763.0,ES,IBKR,D
2025-12-09 00:00:00+00:00,6910.5,6932.75,6903.75,6908.25,788820.0,ES,IBKR,D
2025-12-10 00:00:00+00:00,6903.25,6968.5,6890.5,6952.0,1200440.0,ES,IBKR,D
2025-12-11 00:00:00+00:00,6928.0,6989.25,6897.75,6967.75,1274722.0,ES,IBKR,D
2025-12-12 00:00:00+00:00,6956.5,6963.5,6864.5,6890.5,1645103.0,ES,IBKR,D
2025-12-15 00:00:00+00:00,6930.75,6931.75,6864.25,6881.0,879085.0,ES,IBKR,D
2025-12-16 00:00:00+00:00,6861.5,6880.5,6817.5,6856.25,1436903.0,ES,IBKR,D
2025-12-17 00:00:00+00:00,6865.5,6871.25,6775.5,6778.5,1393225.0,ES,IBKR,D
2025-12-18 00:00:00+00:00,6839.75,6870.5,6820.5,6866.75,433024.0,ES,IBKR,D
