time,open,high,low,close,Volume
1612479600,1745,1745,1745,1745,280
1612738800,1669.75,1793.25,1604.25,1731.75,303
1612825200,1775.75,1858.75,1748.75,1795.75,201
1612911600,1787.5,1869.5,1700,1738,288
1612998000,1774,1839.75,1728,1775.5,351
1613084400,1793.75,1879.75,1763,1876.5,335
1613343600,1868.25,1868.25,1674.5,1746.75,654
1613516400,1770.25,1866.5,1740,1864.75,364
1613602800,1840.75,1960.25,1840.25,1952.75,779
1613689200,1943.5,1981.5,1897.75,1962,615
1613948400,1967,1967,1567.25,1774,960
1614034800,1779.75,1779.75,1371,1545,1250
1614121200,1556,1711,1513.75,1602.75,532
1614207600,1626.75,1676.75,1534.5,1534.5,399
1614294000,1525.75,1576.75,1404.5,1440,597
1614553200,1436.75,1570.5,1413.5,1540.75,466
1614639600,1560,1610.75,1472,1475.75,453
1614726000,1483.25,1669.5,1483.25,1605.75,594
1614812400,1596.25,1638,1512.75,1521.5,526
1614898800,1529.5,1554.25,1446.75,1539,448
1615158000,1613.5,1807,1613.5,1807,684
1615244400,1811.25,1872,1811.25,1842,389
1615330800,1846.5,1893.75,1768.75,1831.5,993
1615417200,1840,1859.5,1735.5,1852.75,522
1615503600,1853,1857.75,1729.75,1765,495
1615759200,1862,1911.75,1743.5,1797.5,734
1615845600,1808,1825,1722.5,1806.5,506
1615932000,1800.25,1848.75,1748.5,1819,377
1616018400,1835.25,1859,1762.75,1777.5,533
1616104800,1784.75,1843,1733,1819,429
1616364000,1810,1813.5,1674.5,1685,701
1616450400,1670.5,1722.75,1648.75,1682.25,994
1616536800,1664,1743.75,1585.5,1615.75,562
1616623200,1606.5,1641,1570,1619.25,508
1616709600,1612.25,1698,1595,1689,374
1616968800,1699,1863.75,1695.75,1828,815
1617055200,1831.5,1876,1805.75,1858,502
1617141600,1863.25,1966.75,1798.75,1965.75,1336
1617228000,1957.25,2010.75,1908.5,1996,350
1617573600,2092.5,2158.5,2028.25,2129.5,732
1617660000,2137.5,2185.5,2067.25,2146.25,766
1617746400,2130.75,2151,1945,1996.75,2118
1617832800,2007.75,2094.75,1960,2073.25,563
1617919200,2067.75,2122.25,2065.25,2087,452
1618178400,2146,2230.25,2128.25,2174.5,881
1618264800,2169.5,2345,2163.5,2325.75,987
1618351200,2318.5,2434.75,2300,2391,1369
1618437600,2411.75,2527.5,2411.75,2523,1510
1618524000,2524.75,2572.75,2317,2474.75,2094
1618783200,2287.5,2292.5,2091.5,2208,2618
1618869600,2212.25,2339.5,2062.75,2320,2196
1618956000,2319.25,2480.5,2245.5,2406.75,2043
1619042400,2394.5,2654.5,2322,2411,4479
1619128800,2420,2450.25,2121.25,2332.5,4152
1619388000,2221.75,2541.5,2215,2470.75,2865
1619474400,2497,2692.5,2493.5,2652.75,2080
1619560800,2650,2751,2572,2712.25,2911
1619647200,2799.75,2844.75,2719,2750.25,1174
1619733600,2784,2850,2768.5,2795,2338
1619992800,3000,3379,2964.25,3311,3431
1620079200,3360,3552,3186,3434,6174
1620165600,3375.25,3515.5,3240,3490.75,3205
1620252000,3462.5,3642.25,3405.75,3495.25,3780
1620338400,3550,3623.25,3382,3520.25,2794
1620597600,3932.5,4240.25,3712.75,3932.5,6312
1620684000,4012.5,4159.5,3795.5,4159,4410
1620770400,4152.75,4406.5,3944.25,4117.5,7068
1620856800,4135,4260,3555,3716.5,10378
1620943200,3739.75,4196.75,3620,4018,2402
1621202400,3505,3612.25,3138,3448,5807
1621288800,3310,3578.5,3200.5,3443,4614
1621375200,3418,3451.25,2387.25,2541.5,10542
1621461600,2558,2999.75,2157,2773.25,6109
1621548000,2842,2957.25,2253,2262,4997
1621807200,2158,2675,2062,2630.5,5933
1621893600,2630,2758,2395.25,2560.5,4384
1621980000,2560.5,2920,2560.5,2799.75,3519
1622066400,2847,2921.25,2660,2733,2378
1622152800,2772.5,2810,2435,2435,2923
1622412000,2493.75,2760,2291,2595,5040
1622584800,2598.25,2823.5,2565.75,2744.75,2858
1622671200,2742.5,2911.5,2675.5,2835.5,2302
1622757600,2839.75,2890,2564.25,2715,3243
1623016800,2738,2867,2641.5,2662,2353
1623103200,2625,2651,2317,2541.25,3907
1623189600,2535,2642.5,2415.5,2570.5,3105
1623276000,2589.25,2637.5,2430,2474.75,2256
1623362400,2487,2499,2370.75,2384,1562
1623621600,2510,2613.75,2466.75,2544.25,1893
1623708000,2579.25,2645.75,2518,2534,1352
1623794400,2550,2571.25,2379.5,2397.75,1539
1623880800,2415,2464.75,2306,2341.25,2038
1623967200,2338,2379.5,2137.5,2198.75,2210
1624226400,2250,2265,1891.5,1939,4289
1624312800,1895,1996.5,1697.75,1928.75,4724
1624399200,1880,2043.75,1822.75,1928.5,2373
1624485600,1960,2054.25,1900,2036,1575
1624572000,2019,2036,1798.75,1872,2996
1624831200,1843,2156.5,1836.5,2143.25,2493
1624917600,2130.75,2259.5,2074.75,2204,1920
1625004000,2222,2293,2101.5,2247,1484
1625090400,2273.25,2291.25,2081,2130.75,1829
1625176800,2144,2150.75,2028.75,2098.75,1487
1625436000,2301.5,2395.5,2190.75,2325.25,4384
1625608800,2304,2420.75,2294.75,2371.25,2013
1625695200,2362,2362,2131.5,2140,2868
1625781600,2110,2195,2048.75,2136,2135
1626040800,2174.25,2184,2009.25,2030,1305
1626127200,2030.75,2051.25,1918.75,1948.5,1618
1626213600,1941.75,2024.75,1860,1988.75,1919
1626300000,2002.25,2043.75,1878.5,1924.25,1946
1626386400,1926.5,1968,1849.25,1899,1672
1626645600,1911,1924.5,1801.5,1821.75,1728
1626732000,1815.25,1843,1715,1797.75,3081
1626818400,1784.75,2042.75,1755,1955,5292
1626904800,1957,2046.25,1947.5,2018.5,3457
1626991200,1997.5,2095,1994.5,2042.5,2298
1627250400,2151,2435.25,2151,2251,4964
1627336800,2232,2320.5,2152,2241,3758
1627423200,2254,2355,2248.25,2299.75,4752
1627509600,2313,2360,2281,2319,2223
1627596000,2321.75,2471.25,2321.75,2443.25,2162
1627855200,2658,2681,2518,2611.5,3646
1627941600,2619.75,2647.75,2450,2499.5,3101
1628028000,2503,2740,2466.75,2718.25,3631
1628114400,2730.25,2845.25,2529.5,2818,6665
1628200800,2833,2960,2730,2925.75,3388
1628460000,3036.75,3200,2902,3075.75,4758
1628546400,3109,3250.5,3059.5,3164.75,3602
1628632800,3180,3290,3136,3250.75,2477
1628719200,3233,3250,2986.5,3082.75,3435
1628805600,3056.75,3307.5,2997,3289.75,2839
1629064800,3265.25,3353,3138.75,3171.5,3294
1629151200,3180,3303.5,3018,3070.25,3632
1629237600,3052.5,3132.5,2953.5,3008.5,3586
1629324000,3013.5,3173.5,2960,3165.5,2678
1629410400,3169.5,3315.75,3159.5,3269,3073
1629669600,3178,3387.75,3163.25,3343,3238
1629756000,3340.25,3367.25,3144.5,3218.75,3807
1629842400,3215.5,3253.5,3078.5,3214,4296
1629928800,3254.5,3277,3073,3134.75,2217
1630015200,3159.25,3304.5,3077,3284.5,3026
1630274400,3263,3374.5,3165.25,3359.5,3711
1630360800,3365.5,3509.25,3205,3408,5589
1630447200,3416,3829.25,3389,3748,4734
1630533600,3784.25,3874.25,3749.5,3828,3394
1630620000,3840,4056.25,3729.5,3935.75,4493
1630879200,3982.75,4000.25,3179.75,3426.25,10897
1631052000,3377.5,3557.75,3227.75,3476.75,5906
1631138400,3482.5,3582.25,3404.75,3441.5,5073
1631224800,3465.75,3523.25,3210,3258.5,4506
1631484000,3343.75,3455.25,3110,3295.25,6131
1631570400,3287.25,3420,3278,3382,2160
1631656800,3367.75,3586.25,3350,3569.5,3069
1631743200,3575.5,3685,3486.75,3496.25,3998
1631829600,3560,3603.25,3364.25,3376.75,4677
1632088800,3355.5,3361.75,2913,3017.25,8623
1632175200,3024.5,3105.5,2751.5,2766.5,8032
1632261600,2801,3087.25,2709.75,3022.25,7406
1632348000,3064.75,3198.5,3051.5,3167.5,2237
1632434400,3189.75,3189.75,2743.25,2963,9041
1632693600,3092.5,3194.75,2969,2973,4513
1632780000,2998.25,3047,2816,2873.5,5119
1632866400,2882.25,2960.25,2790.75,2834,3715
1632952800,2836,3068.75,2822.5,2977.25,4786
1633039200,3008.5,3346,2981.5,3322.5,5817
1633298400,3413.5,3461.5,3291.75,3410,5835
1633384800,3424.25,3560.75,3385,3552.5,2590
1633471200,3570,3670,3363,3589.5,5968
1633557600,3612,3674.75,3490.5,3650.75,3418
1633644000,3656.25,3700,3570,3571.75,3360
1633903200,3502,3654.75,3395.25,3512,4292
1633989600,3527.75,3570.5,3421.5,3501.5,3904
1634076000,3510.5,3617.75,3434,3601.75,4005
1634162400,3606.25,3853.75,3606,3786.25,3326
1634248800,3805.5,3936.5,3756,3915,3757
1634508000,3799.5,3924.5,3685,3753.5,3986
1634594400,3767.5,3899,3738,3823.25,4169
1634680800,3829.75,4167.25,3829.75,4131.75,4031
1634767200,4140.25,4404,4016.5,4102.75,8554
1634853600,4104.75,4183,3897.75,3985.5,5787
1635112800,4081.5,4251,4070,4195.75,4063
1635199200,4196.75,4304.75,4138.75,4268,3982
1635285600,4247.5,4314.25,3928.5,3982.75,7296
1635372000,4043.5,4342.25,3935,4290.75,2902
1635458400,4300.5,4515,4282,4458.75,4408
1635717600,4347.5,4415.25,4170,4319.5,3798
1635804000,4314.75,4565,4302.75,4531.75,5846
1635890400,4565,4719.75,4481.5,4649.75,2840
1635976800,4650.5,4652.5,4446,4535.75,4404
1636063200,4526.75,4612,4471.25,4476.5,1912
1636326000,4609.75,4839.5,4609.75,4807.75,1956
1636412400,4811.25,4880.5,4739.25,4829,2399
1636498800,4781.25,4902.75,4478,4579.5,5027
1636585200,4662.5,4804.25,4592.75,4762.25,2419
1636671600,4766.25,4838,4516,4664.5,4701
1636930800,4600,4790,4548.25,4574.75,2874
1637017200,4579.75,4591.5,4104,4258,8199
1637103600,4246.5,4281,4065.5,4271.75,3849
1637190000,4255.25,4358,3965,4030.5,6869
1637276400,3990.25,4323.5,3963.5,4293.25,4675
1637535600,4319,4352,4023,4081.5,6707
1637622000,4106.25,4391.5,4064.5,4352.75,6761
1637708400,4420.25,4420.25,4206.75,4305.5,4136
1637794800,4293,4633.25,3935.5,4090,7922
1638140400,4238.75,4503.5,4238.75,4486.75,4480
1638226800,4488.75,4807.75,4394.75,4668,9124
1638313200,4670.25,4827.25,4551,4587,5468
1638399600,4592,4662.5,4435,4569.75,5197
1638486000,4583.5,4683.25,4028,4213.25,6550
1638745200,4177.5,4351.5,3900,4339.5,4634
1638831600,4350.5,4440,4275,4307.5,2832
1638918000,4273,4473,4232,4437.5,3211
1639004400,4416.5,4510,4073.5,4161,4318
1639090800,4166.5,4237,3927.5,3986,3868
1639350000,4133,4161.5,3662.5,3755,5189
1639436400,3783.5,3884,3680,3848.5,2781
1639522800,3827,4104,3640,4067.5,4239
1639609200,4041,4120,3973.5,4039.5,3362
1639695600,3986.5,4004.5,3689.5,3900,3462
1639954800,3974,3994,3755,3912,2752
1640041200,3899.5,4068,3899.5,4024.5,2287
1640127600,4034,4079,3933.5,4020.5,1797
1640214000,3991,4160.5,3888.5,4120.5,2758
1640559600,4119.5,4136.5,4031,4063,1817
1640646000,4060,4069,3751,3799.5,4058
1640732400,3796.5,3822.5,3692,3717.5,3041
1640818800,3739,3773.5,3586,3734.5,1974
1640905200,3691.5,3819.5,3626,3685,1995
1641164400,3822.5,3864.5,3684,3725.5,2319
1641250800,3750.5,3902.5,3720,3830.5,2319
1641337200,3826,3851,3542.5,3544,3042
1641423600,3540.5,3556,3285,3422.5,4512
1641510000,3417.5,3417.5,3055,3198,5117
1641769200,3162.5,3180,2918,3064.5,5773
1641855600,3051,3263.5,3046.5,3236.5,3603
1641942000,3240,3411.5,3207.5,3357,3831
1642028400,3357,3413.5,3229,3262,2765
1642114800,3264,3345,3187,3340,3098
1642374000,3350,3366,3082,3157,5847
1642546800,3170,3175,3042.5,3115.5,6707
1642633200,3112.5,3273.5,3072.5,3072.5,5607
1642719600,3057,3057,2553.5,2610.5,8154
1642978800,2449.5,2551,2158,2435,12761
1643065200,2430,2507.5,2349.5,2418.5,4730
1643151600,2439,2718,2415.5,2421.5,8537
1643238000,2434,2520,2312,2351,3112
1643324400,2375,2549.5,2354,2529,3409
1643583600,2576.5,2705,2480.5,2674,4449
1643670000,2679.5,2813,2675,2797,3134
1643756400,2785,2813,2606.5,2649.5,4603
1643842800,2672,2717.5,2570,2659.5,3115
1643929200,2654,2985,2654,2964,8983
1644188400,2996,3194,2988,3155.5,4941
1644274800,3156,3239,3032.5,3116.5,4568
1644361200,3125,3282,3063.5,3245,3760
1644447600,3256,3292,3088.5,3116.5,5895
1644534000,3119,3146.5,2911,2926.5,4234
1644793200,2910.5,2970,2831.5,2913,4136
1644879600,2938,3154,2916.5,3107,4218
1644966000,3124,3204,3047,3140,3370
1645052400,3156.5,3160,2853,2896,4883
1645138800,2893.5,2944,2752.5,2786.5,4261
1645398000,2665,2762,2497.5,2606.5,8913
1645570800,2604,2756,2599.5,2610,4572
1645657200,2625.5,2737.5,2305.5,2629,4097
1645743600,2582,2751,2569,2708,3597
1646002800,2632,2848.5,2570,2829,5147
1646089200,2879,3042,2858.5,2964,5117
1646175600,2979,3054.5,2921,2983.5,4250
1646262000,2960.5,2975.5,2787.5,2809.5,3604
1646348400,2829,2850.5,2594,2597,3244
1646607600,2626.5,2646.5,2442.5,2478,3712
1646694000,2494,2625,2479.5,2559,3983
1646780400,2569,2776,2566,2711,4000
1646866800,2723,2736.5,2550.5,2602.5,3401
1646953200,2612.5,2676,2521,2569,2573
1647208800,2561,2610,2488.5,2517,2746
1647295200,2535.5,2672,2501,2628.5,3125
1647381600,2634,2794.5,2605,2776.5,4492
1647468000,2765.5,2842,2747.5,2817,2897
1647554400,2830.5,2992.5,2774.5,2954,3482
1647813600,2889,2967,2834.5,2919.5,2599
1647900000,2925,3062.5,2889,3004.5,4030
1647986400,3019.5,3049.5,2922.5,2986,4279
1648072800,3008.5,3150,3008.5,3115,3117
1648159200,3124,3211.5,3092.5,3147,2960
1648418400,3268,3452.5,3268,3441,2997
1648504800,3407,3506,3342.5,3408,3086
1648591200,3390,3463.5,3351.5,3424,2144
1648677600,3400,3460.5,3271,3306.5,2768
1648764000,3301,3501,3226.5,3451.5,3218
1649023200,3530,3595.5,3415,3517.5,2907
1649109600,3530.5,3568.5,3420.5,3444,3075
1649196000,3460,3464.5,3169.5,3232,5045
1649282400,3215,3266.5,3138,3242,2408
1649368800,3217,3318,3215.5,3246.5,4067
1649628000,3273.5,3279,2966,2993.5,5779
1649714400,2970,3084.5,2946.5,2986,4263
1649800800,3007,3116,2992.5,3103,4236
1649887200,3100.5,3145.5,2974.5,3012.5,2714
1650232800,3046,3075.5,2880,3002.5,3470
1650319200,3040,3132,3029,3089,2807
1650405600,3100.5,3169.5,3035.5,3088.5,3365
1650492000,3082.5,3183,2988.5,2996,4615
1650578400,2994,3030,2931.5,2971,2573
1650837600,2939.5,3025.5,2790.5,2992,4829
1650924000,3010,3038,2797.5,2826,4471
1651010400,2830.5,2920,2763.5,2865,3739
1651096800,2874,2975,2852.5,2946,2317
1651183200,2922,2942,2770,2800.5,3666
1651442400,2811.5,2869,2772.5,2821.5,2452
1651528800,2862,2882.5,2750,2785.5,2056
1651615200,2780,2970.5,2769.5,2944,3767
1651701600,2939.5,2957.5,2683.5,2755,5236
1651788000,2731,2757.5,2628.5,2704.5,3993
1652047200,2550,2552.5,2220,2288.5,7329
1652133600,2295.5,2451.5,2194.5,2318.5,6533
1652220000,2291.5,2448.5,2016.5,2032,11486
1652306400,2074.5,2190,1706.5,1919.5,12103
1652392800,1914,2143.5,1892,2038,5635
1652652000,2112.5,2162.5,1977,2029.5,4516
1652738400,2040,2121,2005,2050.5,4466
1652824800,2089,2110,1931,1964.5,4271
1652911200,1955.5,2039,1899,2008,5578
1652997600,2001.5,2063.5,1915.5,1951.5,5224
1653256800,2015,2085.5,1975,1993.5,5196
1653343200,1987,1990.5,1907,1963.5,5746
1653429600,1980,2020,1931.5,1959,6185
1653516000,1963,1968,1722.5,1822,4002
1653602400,1838,1840,1705.5,1738.5,5304
1653861600,1807,2017,1785,1950,8771
1654034400,1941.5,1971,1757,1791,5460
1654120800,1793,1842,1778,1824,4046
1654207200,1832.5,1853,1730,1756.5,3660
1654466400,1803.5,1920,1799,1860,7088
1654552800,1870.5,1873,1717.5,1847,5113
1654639200,1843.5,1845.5,1751,1794,5051
1654725600,1805.5,1833,1774.5,1792.5,2725
1654812000,1790.5,1805,1651.5,1676,8489
1655071200,1465.5,1472.5,1164.5,1236,18206
1655157600,1227.5,1265.5,1075,1187.5,13532
1655244000,1165,1229.5,1010,1179.5,25686
1655330400,1224.5,1254,1079,1098.5,11624
1655416800,1101.5,1116.5,1047,1093,7857
1655676000,1128,1192.5,1048.5,1118.5,15584
1655848800,1123.5,1138,1041.5,1047,7918
1655935200,1058.5,1149,1042,1130,2015
1656021600,1125.5,1241.5,1117.5,1219.5,7055
1656280800,1232,1236.5,1170,1199.5,5011
1656367200,1197.5,1234.5,1147.5,1157.5,4642
1656453600,1162.5,1164,1083.5,1107.5,5208
1656540000,1110,1116.5,994,1005,7712
1656626400,1017.5,1118,1009.5,1065.5,6197
1656885600,1073,1172,1041,1153.5,12923
1657058400,1148.5,1167,1110,1158.5,5207
1657144800,1164.5,1252.5,1160,1236,4500
1657231200,1239,1275,1191,1241,3592
1657490400,1177,1196.5,1125.5,1136.5,3821
1657576800,1120,1120,1029.5,1044.5,5497
1657663200,1038.5,1102.5,1002.5,1074.5,6118
1657749600,1088.5,1212.5,1069,1193.5,8342
1657836000,1182,1287.5,1179.5,1256,7009
1658095200,1359,1529.5,1333.5,1471,10490
1658181600,1487,1633,1484.5,1558,11227
1658268000,1577.5,1622.5,1484,1519.5,8944
1658354400,1545.5,1604,1461.5,1587.5,7658
1658440800,1593,1648,1519.5,1529.5,7218
1658700000,1626,1665,1456,1519.5,7247
1658786400,1513,1513,1356.5,1378.5,5584
1658872800,1385,1615,1385,1605,9195
1658959200,1619,1794,1603.5,1768.5,4081
1659045600,1751,1757.5,1662.5,1736,5253
1659304800,1708.5,1708.5,1611.5,1625,4784
1659391200,1627,1683,1562,1653.5,5667
1659477600,1663,1688,1592.5,1645.5,4231
1659564000,1639.5,1668.5,1581,1591,6226
1659650400,1584,1728.5,1584,1680,8296
1659909600,1723.5,1822.5,1692.5,1800.5,6235
1659996000,1776,1795.5,1668.5,1697,6279
1660082400,1710,1861,1654.5,1847,8083
1660168800,1867,1947.5,1850.5,1905.5,6785
1660255200,1901,1941.5,1857.5,1941.5,3971
1660514400,1958.5,2017.5,1875,1902,5435
1660600800,1908.5,1919.5,1851.5,1883,4100
1660687200,1875.5,1961,1818,1848.5,6119
1660773600,1838,1884.5,1821,1876,2791
1660860000,1871,1875,1674.5,1681,5957
1661119200,1624.5,1629.5,1528,1578,4996
1661205600,1568,1675.5,1561,1648,5254
1661292000,1652.5,1693,1603.5,1687,4097
1661378400,1669,1715.5,1643,1701.5,1971
1661464800,1689.5,1693,1512,1533.5,8725
1661724000,1464.5,1538.5,1404.5,1528.5,5512
1661810400,1518.5,1592.5,1453.5,1540.5,6788
1661896800,1522,1606.5,1500,1553.5,5471
1661983200,1559,1570.5,1489,1564,5521
1662069600,1571.5,1637.5,1522,1549,6635
1662328800,1541.5,1672.5,1529.5,1560,10827
1662501600,1564.5,1636.5,1469.5,1624,5608
1662588000,1629,1650.5,1578,1629.5,5736
1662674400,1627,1739,1611,1712,7375
1662933600,1722,1773,1675.5,1707,5844
1663020000,1700,1758,1551,1589.5,10431
1663106400,1582.5,1599,1529,1581,5725
1663192800,1598.5,1650.5,1451.5,1498.5,14455
1663279200,1480,1485,1402.5,1434.5,5543
1663538400,1338.5,1369.5,1277,1357.5,5667
1663624800,1382,1391,1327,1339.5,5007
1663711200,1322,1425.5,1298,1312.5,8564
1663797600,1256,1336,1216,1323.5,6571
1663884000,1309,1360,1258.5,1300,6367
1664143200,1278,1340.5,1268,1325,5317
1664229600,1309.5,1400,1294.5,1323.5,6904
1664316000,1320,1355,1242,1349,7449
1664402400,1340,1344.5,1280.5,1328.5,2992
1664488800,1324.5,1369.5,1307,1324.5,6021
1664748000,1285,1325.5,1253.5,1319.5,5549
1664834400,1317,1380,1310.5,1362,4243
1664920800,1356.5,1366,1311.5,1340,3797
1665007200,1346,1384.5,1345,1363.5,4543
1665093600,1345.5,1359.5,1302.5,1327,4498
1665352800,1314,1334.5,1289,1302.5,3794
1665439200,1301,1301,1260.5,1280,4514
1665525600,1272,1304.5,1269,1296,3409
1665612000,1293.5,1299,1179.5,1291,9225
1665698400,1292.5,1344.5,1279,1298,7083
1665957600,1287.5,1336,1287.5,1328.5,3841
1666044000,1334.5,1341,1283,1313,5274
1666130400,1308.5,1313,1284,1293,4017
1666216800,1290,1310.5,1267.5,1280.5,5467
1666303200,1281.5,1306,1250.5,1302,6091
1666562400,1327,1370.5,1323,1352,6817
1666648800,1348,1526,1334,1476,10274
1666735200,1479.5,1596.5,1447.5,1557,8263
1666821600,1547,1584,1514,1531.5,3379
1666908000,1528,1579.5,1480.5,1565,5000
1667167200,1594.5,1638,1547.5,1566,4694
1667253600,1562.5,1616,1553,1579,3247
1667340000,1574.5,1623.5,1502.5,1516,7010
1667426400,1513.5,1560.5,1506.5,1544,3421
1667512800,1543,1682,1521,1648,7196
1667775600,1603.5,1610.5,1548,1575.5,3979
1667862000,1562.5,1581.5,1233,1332,29223
1667948400,1315.5,1341.5,1029,1066,22384
1668034800,1096.5,1322.5,1044.5,1297.5,10068
1668121200,1285.5,1298.5,1159,1241.5,6770
1668380400,1203,1261,1130.5,1202.5,4703
1668466800,1195.5,1271.5,1195.5,1235,4640
1668553200,1232,1255,1157.5,1185.5,5674
1668639600,1193.5,1210,1158,1195,4327
1668726000,1193,1222.5,1184.5,1200,2852
1668985200,1144,1144,1070.5,1087.5,7098
1669071600,1097,1138.5,1066.5,1127,5871
1669158000,1083.5,1158,1080,1140.5,2484
1669244400,1145,1188.5,1141.5,1166.5,3113
1669590000,1183.5,1202,1122.5,1151,4334
1669676400,1148,1208.5,1136,1198.5,3728
1669762800,1207.5,1297,1192.5,1295.5,6567
1669849200,1301,1301,1257,1272.5,3362
1669935600,1273,1295.5,1256.5,1288.5,2344
1670194800,1275,1306,1237.5,1254,3576
1670281200,1254.5,1263.5,1235,1248.5,1265
1670367600,1249.5,1274.5,1211.5,1229,2440
1670454000,1223.5,1292,1215.5,1276,3664
1670540400,1284,1294.5,1251,1253.5,2297
1670799600,1261.5,1277.5,1234.5,1271.5,1963
1670886000,1269.5,1348.5,1251.5,1319,5319
1670972400,1316,1352.5,1298,1310,3725
1671058800,1307.5,1308,1256.5,1264,3085
1671145200,1262,1278.5,1178.5,1188.5,5089
1671404400,1182,1189.5,1158,1171,2445
1671490800,1154,1228,1154,1214,4140
1671577200,1214,1219,1198.5,1210.5,1551
1671663600,1206.5,1234.5,1175,1213.5,3154
1671750000,1214,1229,1208,1218.5,2694
1672095600,1215.5,1232.5,1198,1210.5,3074
1672182000,1207,1214,1179,1187,4428
1672268400,1168.5,1189,1162,1180.5,2519
1672354800,1185.5,1193.5,1163,1189.5,2103
1672700400,1212.5,1219,1198,1208,2348
1672786800,1199.5,1271,1199.5,1251,6477
1672873200,1249,1257.5,1239,1251,2081
1672959600,1250.5,1278,1234,1264.5,4131
1673218800,1268.5,1348,1268.5,1318,5623
1673305200,1318,1350.5,1315.5,1340.5,2587
1673391600,1339.5,1348,1321,1343,2451
1673478000,1350,1440.5,1350,1429,7382
1673564400,1425.5,1467,1400.5,1459.5,3941
1673823600,1562,1610,1523,1583,8227
1673996400,1575,1613,1502,1532,9607
1674082800,1529,1567,1507.5,1546.5,3252
1674169200,1555,1656,1543.5,1645.5,5318
1674428400,1633.5,1652.5,1588.5,1632,4490
1674514800,1631.5,1644,1593,1602,2893
1674601200,1561.5,1624,1516.5,1619.5,5480
1674687600,1591.5,1643,1583.5,1612.5,3219
1674774000,1609.5,1632.5,1561,1609,5229
1675033200,1642,1665.5,1540,1562.5,5812
1675119600,1567,1614.5,1567,1583.5,3104
1675206000,1599,1660,1562.5,1645,4591
1675292400,1652,1727.5,1642.5,1651,8124
1675378800,1667.5,1687.5,1635.5,1666.5,5480
1675638000,1645.5,1666.5,1617,1646.5,4301
1675724400,1638,1688,1610.5,1675.5,4846
1675810800,1678.5,1706.5,1635.5,1656,4356
1675897200,1658.5,1660.5,1527,1540.5,7209
1675983600,1544,1557,1490.5,1504.5,4217
1676242800,1517,1526,1463,1488.5,6821
1676329200,1496.5,1570,1481.5,1555.5,6224
1676415600,1556,1687,1543.5,1672.5,6061
1676502000,1672,1748,1668.5,1687.5,8367
1676588400,1652.5,1727,1633,1698.5,5484
1676847600,1690,1723,1637,1643.5,8803
1677020400,1655.5,1668,1596,1618.5,6708
1677106800,1648,1688,1640,1655,2864
1677193200,1656,1673.5,1581.5,1612.5,6366
1677452400,1638.5,1677,1618,1637.5,4353
1677538800,1643,1658.5,1606,1614,2715
1677625200,1618.5,1681,1603,1669,4537
1677711600,1668,1689.5,1627,1649,3602
1677798000,1657.5,1659,1538,1561,6953
1678057200,1566,1587,1556,1570,2115
1678143600,1572.5,1587,1535.5,1553,3710
1678230000,1556,1572.5,1543,1553.5,3947
1678316400,1545,1547,1403.5,1432,8433
1678402800,1431,1437.5,1367,1424,8257
1678658400,1557,1702,1527.5,1676.5,14034
1678744800,1674.5,1788.5,1663,1713,8711
1678831200,1698.5,1726,1617,1653.5,6469
1678917600,1662,1698,1637,1665.5,3241
1679004000,1681,1773,1669,1754,5165
1679263200,1805,1821.5,1747.5,1768,4588
1679349600,1763,1849.5,1730.5,1810,5169
1679436000,1803,1831,1717,1737.5,4941
1679522400,1724.5,1868,1719.5,1827.5,6319
1679608800,1824,1828,1731,1755,3960
1679868000,1771.5,1783.5,1688,1712,4297
1679954400,1713.5,1798,1703,1778.5,3242
1680040800,1775.5,1829.5,1769,1803.5,3134
1680127200,1802.5,1838.5,1772.5,1808,1953
1680213600,1804.5,1871,1789,1832,4100
1680472800,1801,1851,1772,1793,3928
1680559200,1807.5,1905,1805.5,1888.5,6207
1680645600,1883.5,1955,1869.5,1917,4995
1680732000,1919.5,1922,1858.5,1867.5,3441
1680818400,1868.5,1891,1847.5,1862,1009
1681077600,1879.5,1920.5,1851.5,1897.5,3578
1681164000,1900.5,1952.5,1890,1903,3659
1681250400,1899.5,1948,1862,1920,6750
1681336800,1925,2039.5,1907,2018,8270
1681423200,2019,2147,2016,2117,7003
1681682400,2140.5,2144.5,2065.5,2084.5,2959
1681768800,2089,2134,2057.5,2099.5,3027
1681855200,2100.5,2113,1950.5,1983,7039
1681941600,1977.5,1985,1916,1941.5,5649
1682028000,1945.5,1957,1825,1836,4639
1682287200,1852.5,1890,1805.5,1841.5,3739
1682373600,1835,1864.5,1799.5,1859,3440
1682460000,1874,1965,1781.5,1865,6924
1682546400,1877,1949.5,1870.5,1929.5,2745
1682632800,1924.5,1932,1882,1901.5,3025
1682892000,1921.5,1921.5,1808,1808,3046
1682978400,1825,1886,1820.5,1876,2935
1683064800,1876,1899,1845.5,1876.5,2825
1683151200,1891.5,1925,1870.5,1883.5,2245
1683237600,1876,2012,1874,2002,6233
1683496800,1917.5,1924,1814.5,1843.5,5386
1683583200,1844.5,1864.5,1833.5,1848.5,1772
1683669600,1847,1890.5,1790.5,1862.5,5317
1683756000,1839,1850,1769.5,1794,4234
1683842400,1796,1802,1738,1788.5,3622
1684101600,1812,1852,1787,1829,3327
1684188000,1832,1835,1796.5,1822,2169
1684274400,1829,1839,1783.5,1830,3568
1684360800,1826,1834.5,1771,1795.5,3158
1684447200,1798.5,1833,1798.5,1813.5,2632
1684706400,1808,1832.5,1791,1819,2501
1684792800,1822.5,1878.5,1816,1858.5,3626
1684879200,1854,1858,1773,1803,4400
1684965600,1808,1819,1761.5,1810.5,2429
1685052000,1807.5,1846.5,1797,1844.5,3215
1685311200,1879.5,1939,1879.5,1914,5049
1685484000,1917.5,1917.5,1853,1872.5,2894
1685570400,1869,1897.5,1845.5,1873,2807
1685656800,1872,1921.5,1852,1916,2847
1685916000,1917.5,1920.5,1783,1808.5,6965
1686002400,1804.5,1912,1798.5,1887,7304
1686088800,1892,1909,1841,1847.5,3687
1686175200,1825,1870.5,1814,1860,1727
1686261600,1860,1864,1833,1843.5,2171
1686520800,1773.5,1773.5,1722,1742.5,4408
1686607200,1748,1771,1726,1740.5,2840
1686693600,1742,1753,1626,1638,3720
1686780000,1652.5,1671,1624,1668,4168
1686866400,1666,1731,1645.5,1727.5,3436
1687125600,1724.5,1799,1699.5,1789,4734
1687298400,1775,1913,1775,1887,5407
1687384800,1793,1945.5,1793,1895,4080
1687471200,1886.5,1951,1871.5,1923.5,4093
1687730400,1900,1919.5,1840,1854.5,3517
1687816800,1851.5,1917,1850.5,1898,3444
1687903200,1896,1899,1817.5,1833.5,3788
1687989600,1852,1897.5,1846,1877,1860
1688076000,1877,1971.5,1840,1947,8037
1688335200,1946,2001,1935.5,1985,3189
1688421600,1979.5,1990,1909.5,1926,3929
1688594400,1927,1975.5,1877.5,1897.5,4144
1688680800,1887,1891.5,1838,1876,2044
1688940000,1875.5,1918,1859,1905,2070
1689026400,1892.5,1903.5,1871.5,1884.5,1636
1689112800,1885.5,1914,1875,1880,3003
1689199200,1878,2030,1871,1997.5,7853
1689285600,2001.5,2048,1908,1922.5,5512
1689544800,1938.5,1949.5,1877.5,1895,3750
1689631200,1917,1926,1879,1899.5,2851
1689717600,1899,1927.5,1896,1903.5,2661
1689804000,1897.5,1934.5,1880,1890.5,4194
1689890400,1899.5,1909.5,1887,1895,1949
1690149600,1881,1892.5,1831.5,1851,3741
1690236000,1852,1869,1847,1864,2875
1690322400,1863,1888.5,1849,1880,2757
1690408800,1889.5,1903.5,1863.5,1867,2345
1690495200,1869,1897,1863,1887,2915
1690754400,1874.5,1890,1861,1863.5,2892
1690840800,1866,1875.5,1816,1857,4913
1690927200,1856.5,1887.5,1818,1847.5,3828
1691013600,1850,1868.5,1829.5,1853,1748
1691100000,1845,1859,1820,1827.5,2108
1691359200,1836.5,1854,1803.5,1833.5,2969
1691445600,1831,1884,1829.5,1874.5,3509
1691532000,1871.5,1880,1852,1857,2613
1691618400,1860,1874,1851.5,1857.5,1746
1691704800,1857.5,1864.5,1842,1850,2003
1691964000,1854,1862,1837,1847,2327
1692050400,1848,1850.5,1814,1832.5,2738
1692136800,1833,1833.5,1797.5,1811.5,2088
1692223200,1811.5,1817,1705.5,1715.5,4959
1692309600,1645.5,1715.5,1606.5,1656.5,4341
1692568800,1684,1686.5,1648,1672.5,2588
1692655200,1672,1672,1617,1629.5,2919
1692741600,1604.5,1701,1602,1685,4133
1692828000,1678.5,1686.5,1637.5,1648.5,2296
1692914400,1652.5,1678.5,1636.5,1653.5,2776
1693173600,1657.5,1665.5,1625,1651.5,2043
1693260000,1651.5,1754,1641.5,1735,6603
1693346400,1738.5,1739,1698.5,1708,2874
1693432800,1709,1730,1644,1650,3565
1693519200,1645.5,1654,1600,1630.5,2852
1693778400,1634,1647.5,1606,1629,2554
1693951200,1630.5,1673.5,1605,1628.5,3309
1694037600,1633.5,1640.5,1619.5,1638.5,1344
1694124000,1648,1659,1614,1637,2262
1694383200,1621.5,1627,1529.5,1537.5,4624
1694469600,1543,1622.5,1541.5,1594.5,3574
1694556000,1597,1616.5,1579,1607,3004
1694642400,1605.5,1645,1604,1629.5,3248
1694728800,1628.5,1637,1608.5,1623,1906
1694988000,1618.5,1671,1603,1638.5,4230
1695074400,1639.5,1661.5,1625,1642.5,2740
1695160800,1641,1650.5,1602,1621.5,3494
1695247200,1622.5,1624,1565.5,1586,3526
1695333600,1586,1602,1575,1591,2005
1695592800,1588,1598,1561.5,1588,3575
1695679200,1588.5,1599.5,1580,1585,3452
1695765600,1589,1634.5,1582.5,1595.5,4917
1695852000,1598.5,1677.5,1595,1668,4029
1695938400,1664.5,1697,1656,1673,4066
1696197600,1689,1789,1640.5,1670.5,7013
1696284000,1664,1677,1646.5,1659,3342
1696370400,1656.5,1664,1622,1644.5,3869
1696456800,1647,1658.5,1608,1615,3813
1696543200,1612,1660,1611,1649.5,4051
1696802400,1643.5,1643.5,1544,1578,6015
1696888800,1580,1595,1550,1556.5,2916
1696975200,1562.5,1577.5,1542.5,1562.5,3893
1697061600,1562.5,1567.5,1514.5,1533.5,3770
1697148000,1534.5,1559,1533.5,1555.5,2436
1697407200,1559.5,1647.5,1551,1587.5,7746
1697493600,1591.5,1605,1550.5,1560.5,2692
1697580000,1557.5,1586,1557.5,1561.5,2418
1697666400,1558,1575,1538.5,1566.5,3789
1697752800,1566.5,1635.5,1562,1608,5461
1698012000,1637.5,1724.5,1630.5,1711,7719
1698098400,1721,1857.5,1718,1777,12192
1698184800,1788,1822.5,1763.5,1792,6290
1698271200,1800,1891,1778,1814.5,4380
1698357600,1815,1824,1755.5,1800.5,4035
1698616800,1810.5,1848,1789.5,1814,4052
1698703200,1823,1836.5,1796,1836,2711
1698789600,1827.5,1882.5,1797,1882.5,5563
1698876000,1875,1907.5,1799.5,1821.5,5489
1698962400,1816.5,1849,1790.5,1844.5,2477
1699225200,1873,1938,1873,1905,5056
1699311600,1918,1923.5,1863,1911,3586
1699398000,1898,1922.5,1885.5,1902,3408
1699484400,1911,2102.5,1897.5,2076.5,11389
1699570800,2110.5,2154,2082,2112.5,6854
1699830000,2081.5,2133.5,2039,2075,7420
1699916400,2074,2081,1931.5,1990,7093
1700002800,1994.5,2074.5,1975.5,2063,5217
1700089200,2066.5,2099,1947,1963.5,6426
1700175600,1977,1996.5,1912.5,1949,5765
1700434800,1985,2073,1981,2030,8536
1700521200,2032,2039.5,1953,1986,8071
1700607600,1975,2132.5,1965.5,2119.5,4364
1700694000,2109,2187,2082,2128,5629
1701039600,2116.5,2116.5,2008,2037,7290
1701126000,2044.5,2116.5,2019,2089.5,4812
1701212400,2085,2107.5,2044.5,2055.5,3696
1701298800,2054,2077,2044,2073.5,2563
1701385200,2069.5,2150.5,2065,2119,6314
1701644400,2228,2307,2210.5,2258,6640
1701730800,2255.5,2339,2211,2300,7144
1701817200,2306.5,2340.5,2256.5,2270.5,3797
1701903600,2256,2409,2246,2395.5,7266
1701990000,2378.5,2418,2359,2397.5,4286
1702249200,2375,2391,2127,2228.5,6515
1702335600,2233.5,2257,2175.5,2183,4522
1702422000,2199,2283,2156.5,2282.5,5910
1702508400,2281,2333,2241,2316,6679
1702594800,2328,2348,2236,2257,3877
1702854000,2224.5,2227,2122.5,2221,4176
1702940400,2223.5,2267,2140,2190.5,5687
1703026800,2181.5,2275,2164.5,2185,4457
1703113200,2194,2289.5,2188.5,2260.5,4379
1703199600,2256.5,2353.5,2241.5,2324,4670
1703545200,2300.5,2300.5,2182.5,2223.5,5195
1703631600,2231.5,2382,2218.5,2362,4875
1703718000,2401.5,2495,2372.5,2386.5,3095
1703804400,2393,2421,2312.5,2317,5283
1704150000,2370.5,2479.5,2370.5,2395,4877
1704236400,2386,2414,2081,2252.5,6808
1704322800,2240.5,2326,2221,2297.5,4732
1704409200,2291.5,2299,2224,2268.5,3382
1704668400,2233,2383,2183.5,2362,6039
1704754800,2360,2397.5,2244,2335,6860
1704841200,2360.5,2550.5,2331.5,2542.5,12243
1704927600,2562,2715,2562,2616,8267
1705014000,2622,2730.5,2515,2535.5,8647
1705273200,2522.5,2623,2470.5,2616.5,7492
1705446000,2608.5,2616.5,2520.5,2527.5,5277
1705532400,2524.5,2556.5,2424,2460,5497
1705618800,2469,2509,2415,2493.5,4577
1705878000,2462.5,2467,2304.5,2328,7326
1705964400,2318,2352,2165.5,2198.5,8936
1706050800,2220,2259,2196,2217.5,4271
1706137200,2235,2252.5,2178.5,2223.5,2711
1706223600,2231,2294,2205.5,2270.5,3956
1706482800,2259.5,2328,2243.5,2323.5,2977
1706569200,2325,2410,2311.5,2396,3838
1706655600,2384,2387,2276,2288.5,3774
1706742000,2296.5,2324,2248.5,2317,4138
1706828400,2308,2333,2270.5,2305,3097
1707087600,2293.5,2345,2271.5,2295,3860
1707174000,2302,2405.5,2300,2391.5,4643
1707260400,2396,2461,2364,2449,3462
1707346800,2445,2478.5,2427.5,2437.5,4101
1707433200,2441,2540,2431,2519,5602
1707692400,2510.5,2668,2482.5,2644.5,5476
1707778800,2668,2704.5,2607,2646.5,5778
1707865200,2649,2803.5,2635,2796,5127
1707951600,2781.5,2887,2776.5,2808.5,4137
1708038000,2834,2877.5,2760.5,2804.5,4457
1708297200,2890,3015,2868.5,2996,9247
1708470000,3006,3044.5,2871,2934,5981
1708556400,2991.5,3079.5,2948.5,3029,3519
1708642800,3029.5,3032,2956,2987.5,4693
1708902000,3158.5,3252,3071,3234,5822
1708988400,3228,3340.5,3216,3287,4569
1709074800,3286,3540,3226,3367,8863
1709161200,3381,3567.5,3354,3393,5546
1709247600,3366.5,3501,3363,3474.5,3727
1709506800,3510,3656.5,3460.5,3624.5,4080
1709593200,3651,3877,3309,3556.5,8006
1709679600,3537.5,3953,3533.5,3887.5,4800
1709766000,3846,3980,3777,3907.5,2857
1709852400,3895.5,4040,3856,3954,4297
1710108000,3922,4136,3766,4067,4520
1710194400,4088,4138.5,3852,3976.5,4099
1710280800,3966,4126,3962,4025,2530
1710367200,4031,4047,3732,3855,3765
1710453600,3879,3956.5,3589,3651.5,4823
1710712800,3662,3701.5,3469.5,3519,2881
1710799200,3536,3558,3210,3288,4068
1710885600,3299,3505,3063.5,3470,8606
1710972000,3505.5,3587,3417.5,3488.5,4475
1711058400,3507.5,3547,3283,3311.5,4024
1711317600,3429,3660.5,3424,3637.5,5703
1711404000,3600.5,3677,3544.5,3572.5,4276
1711490400,3628,3703,3486.5,3540.5,4619
1711576800,3534.5,3650.5,3500,3598,3286
1711922400,3650.5,3706,3440,3521,3130
1712008800,3521,3543.5,3239,3295.5,2942
1712095200,3291,3395.5,3219,3333,2740
1712181600,3341.5,3468.5,3270,3347.5,3259
1712268000,3329.5,3364,3230,3349.5,2724
1712527200,3399,3741,3399,3714.5,4356
1712613600,3709,3759,3465,3523,4168
1712700000,3523,3568,3424.5,3525,3167
1712786400,3542.5,3634.5,3486,3539.5,1754
1712872800,3522.5,3570,3071,3233.5,4756
1713132000,3096.5,3290.5,3032.5,3091.5,4242
1713218400,3118,3134,2997,3071,3775
1713304800,3102.5,3122.5,2913,2972,4630
1713391200,2994,3099,2959.5,3072,2483
1713477600,3067.5,3133,2868,3077.5,4430
1713736800,3132,3238.5,3126.5,3192,4101
1713823200,3204.5,3282.5,3153,3215.5,4260
1713909600,3217,3294,3108,3125.5,3695
1713996000,3158,3203,3092,3200.5,2442
1714082400,3190,3197,3123,3168.5,2928
1714341600,3232,3343,3127,3197,2961
1714428000,3207,3271.5,2922,2964,5174
1714514400,2989,3032,2825.5,2950.5,4028
1714600800,2985,3023,2898.5,3000.5,2425
1714687200,3012.5,3149,2974,3132,3196
1714946400,3159,3247,3064,3093.5,2722
1715032800,3101.5,3147.5,3035,3064.5,2558
1715119200,3045,3065.5,2948,2954.5,2603
1715205600,2973.5,3039,2957.5,3030,2241
1715292000,3027.5,3070.5,2882,2897.5,5313
1715551200,2928.5,3006.5,2871,2963,3846
1715637600,2959,2968.5,2865.5,2896,3484
1715724000,2903.5,3045,2870,3036.5,4045
1715810400,3033,3057,2939,2948,2874
1715896800,2946.5,3137.5,2933,3110,4078
1716156000,3080,3602.5,3055.5,3516,7295
1716242400,3650.5,3865,3628.5,3764.5,12747
1716328800,3771.5,3841.5,3676.5,3762.5,4502
1716415200,3794,3966,3523.5,3765,7440
1716501600,3865,3895.5,3637.5,3738.5,6088
1716760800,3800,3980.5,3774.5,3837,6974
1716933600,3849.5,3889,3743.5,3752,4485
1717020000,3796,3860,3734.5,3769.5,3293
1717106400,3780.5,3879.5,3743,3822,4310
1717365600,3804,3886.5,3781,3795.5,3079
1717452000,3799,3862,3748.5,3833.5,2924
1717538400,3843.5,3921.5,3800,3903,4089
1717624800,3884,3911.5,3788,3824.5,2621
1717711200,3823.5,3877,3594.5,3712.5,5648
1717970400,3741.5,3742.5,3662.5,3685.5,2483
1718056800,3682.5,3694.5,3440.5,3493,6327
1718143200,3512.5,3672,3479,3566,4018
1718229600,3575.5,3582.5,3436,3489.5,4330
1718316000,3501,3544.5,3371,3415,2721
1718575200,3575,3671.5,3473,3525.5,5083
1718661600,3535,3535,3354,3463,3722
1718748000,3467,3629,3467,3529,7452
1718920800,3520.5,3549.5,3446,3526.5,4154
1719180000,3430.5,3432,3227.5,3309.5,6514
1719266400,3342.5,3428.5,3326,3413.5,5213
1719352800,3405,3425.5,3322.5,3392.5,4565
1719439200,3404.5,3494.5,3378.5,3456,3080
1719525600,3462,3506.5,3370,3396,4149
1719784800,3419,3542,3419,3484.5,3437
1719871200,3477.5,3481.5,3405.5,3429.5,2099
1719957600,3426,3439.5,3256,3267,3776
1720044000,3305,3315.5,2813.5,2984.5,9708
1720389600,2972.5,3107.5,2832.5,3008,7175
1720476000,3028,3122.5,3010.5,3077,2901
1720562400,3073.5,3160.5,3034.5,3103.5,3321
1720648800,3101.5,3223,3058.5,3121,3064
1720735200,3118,3168,3051,3121.5,3328
1720994400,3236.5,3464,3236.5,3447,4961
1721080800,3441.5,3511,3359,3463,3901
1721167200,3454,3532,3390,3422,2813
1721253600,3422,3502.5,3375.5,3414,3707
1721340000,3432,3555.5,3384.5,3524,5459
1721599200,3532.5,3570,3442,3499,5077
1721685600,3473.5,3548,3392,3488,10219
1721772000,3473,3503,3357,3378,5882
1721858400,3369.5,3376,3112.5,3175.5,5851
1721944800,3202.5,3318.5,3187.5,3283,3659
1722204000,3291.5,3430,3281.5,3356.5,3653
1722290400,3356.5,3395.5,3258,3306.5,3140
1722376800,3307,3377,3244,3250.5,2847
1722463200,3268.5,3269.5,3096.5,3188.5,2896
1722549600,3194,3239,3000.5,3030,3871
1722808800,2737,2764,2176,2451,13730
1722895200,2442,2567,2428.5,2502,4565
1722981600,2507,2565,2326,2355.5,3342
1723068000,2368.5,2619.5,2324,2587,3363
1723154400,2655,2735.5,2564,2600,3204
1723413600,2582.5,2733,2519.5,2687.5,3240
1723500000,2697,2757,2619,2716.5,2806
1723586400,2737,2782.5,2640,2684.5,2805
1723672800,2674,2683,2523.5,2541.5,2641
1723759200,2570.5,2639.5,2559,2622,3383
1724018400,2657,2672,2571.5,2625,2517
1724104800,2625,2707.5,2560.5,2595,3456
1724191200,2590,2669,2542.5,2640.5,3503
1724277600,2646,2650.5,2589,2630,3184
1724364000,2628.5,2768,2621.5,2760.5,5735
1724623200,2788.5,2794.5,2675,2691,4377
1724709600,2690,2701.5,2560,2583,4640
1724796000,2509.5,2554,2395.5,2538.5,5211
1724882400,2543.5,2611.5,2524.5,2552,3524
1724968800,2540.5,2562.5,2441.5,2527.5,3823
1725228000,2494,2568,2409.5,2470,4109
1725400800,2472,2503,2315,2469,3397
1725487200,2481.5,2483.5,2358.5,2380,2131
1725573600,2385,2420,2170,2173.5,4425
1725832800,2282,2364.5,2281.5,2352,3669
1725919200,2378.5,2401,2326,2386.5,2055
1726005600,2382,2410.5,2280.5,2356.5,3635
1726092000,2350.5,2402,2319.5,2358,1832
1726178400,2358.5,2438,2344,2430.5,3468
1726437600,2360,2361.5,2253.5,2278.5,4550
1726524000,2298.5,2398,2265.5,2347.5,3820
1726610400,2348.5,2368,2280.5,2326,3376
1726696800,2336,2499.5,2336,2470.5,4468
1726783200,2468.5,2579,2441,2548,3755
1727042400,2555.5,2708,2532,2671,5437
1727128800,2653.5,2671.5,2595,2651.5,4740
1727215200,2655,2676.5,2567.5,2581,4737
1727301600,2600,2689,2576.5,2654,3589
1727388000,2665,2753,2631.5,2718.5,3974
1727647200,2672,2691,2588,2627.5,3136
1727733600,2624,2673.5,2425,2458,4677
1727820000,2470,2506.5,2371,2394.5,3836
1727906400,2388.5,2409.5,2316.5,2348.5,3653
1727992800,2359,2453,2344.5,2440,3973
1728252000,2429,2530.5,2425.5,2445.5,3707
1728338400,2455.5,2462.5,2406.5,2451.5,2496
1728424800,2464,2480,2357,2365,3539
1728511200,2380,2426,2332,2367.5,3293
1728597600,2387.5,2479.5,2375.5,2466,3358
1728856800,2475,2652.5,2448.5,2631.5,4492
1728943200,2634,2698,2544,2581.5,6224
1729029600,2602,2656,2593.5,2629,2738
1729116000,2625,2658.5,2579,2601,3466
1729202400,2611.5,2684,2602,2647.5,4974
1729461600,2719,2775.5,2657,2680.5,5523
1729548000,2681.5,2688.5,2607.5,2634,4479
1729634400,2635.5,2642.5,2443,2511,5861
1729720800,2529,2583.5,2525,2555,3134
1729807200,2559.5,2592.5,2471.5,2496,4317
1730066400,2539,2564.5,2489,2536,3850
1730152800,2580.5,2713,2580.5,2645.5,5603
1730239200,2650,2752,2631.5,2700,4699
1730325600,2681.5,2693.5,2518.5,2536.5,5944
1730412000,2534.5,2604,2482,2538,4860
1730674800,2486,2501,2370,2380.5,4118
1730761200,2416.5,2493.5,2388.5,2424,4485
1730847600,2447,2730.5,2430.5,2711,10880
1730934000,2758,2944,2726.5,2918,9842
1731020400,2909,3010.5,2895.5,2966,7604
1731279600,3214.5,3408.5,3132.5,3364.5,12874
1731366000,3384,3483.5,3237,3304.5,10511
1731452400,3301,3364,3142.5,3174,8866
1731538800,3194.5,3267,3074,3132.5,6180
1731625200,3101.5,3147.5,3028.5,3110,4681
1731884400,3094.5,3219.5,3065,3165,7246
1731970800,3165.5,3247.5,3089,3112,5203
1732057200,3114,3181,3044,3095,7060
1732143600,3090,3413.5,3045.5,3367,11572
1732230000,3401.5,3446,3275.5,3332.5,9034
1732489200,3379.5,3558,3313,3445,14501
1732575600,3514.5,3522.5,3300.5,3371.5,5651
1732662000,3370,3711,3350.5,3696.5,8136
1732748400,3721.5,3757.5,3589,3631.5,5566
1733094000,3776,3816.5,3599,3664.5,5951
1733180400,3661,3722,3540.5,3656.5,5249
1733266800,3672,3949,3653.5,3890,10443
1733353200,3897,4019.5,3820,3898.5,9622
1733439600,3848.5,4142.5,3804,4068.5,10970
1733698800,4046,4055,3498.5,3731.5,11331
1733785200,3747,3811.5,3541.5,3658,10764
1733871600,3675,3874,3592,3857.5,6565
1733958000,3868.5,4015,3832,3888.5,7223
1734044400,3901.5,3993.5,3875,3928,6355
1734303600,3924,4136.5,3897.5,4068,12587
1734390000,4056,4062.5,3933,3945.5,8295
1734476400,3901,3930,3646.5,3714.5,11735
1734562800,3688.5,3731.5,3329,3433.5,19010
1734649200,3457.5,3505.5,3107,3443.5,14836
1734908400,3286.5,3463,3220.5,3423,10014
1734994800,3493,3593,3405.5,3544,4427
1735167600,3532.5,3562,3339,3379,5577
1735254000,3376.5,3481.5,3334.5,3341.5,4453
1735513200,3369.5,3466,3325.5,3353,5167
1735599600,3386,3483.5,3339.5,3375,4377
1735772400,3384,3541.5,3373.5,3487,5670
1735858800,3473.5,3670,3451,3652,5989
1736118000,3706.5,3782.5,3644,3703,5791
1736204400,3717.5,3729,3376.5,3381,11125
1736290800,3410,3428.5,3222.5,3316.5,5940
1736377200,3342.5,3369,3172,3227.5,3588
1736463600,3233,3343,3210.5,3280,5292
1736722800,3252,3359,2927,3128,10126
1736809200,3149.5,3270,3138,3231.5,6967
1736895600,3255.5,3497,3201,3454,7704
1736982000,3449,3480,3276,3335.5,6512
1737068400,3312.5,3549.5,3306.5,3497,7144
1737327600,3270.5,3467,3151,3347.5,15446
1737500400,3334.5,3379,3246.5,3261.5,4664
1737586800,3245,3311,3186.5,3254.5,9560
1737673200,3322,3436,3282.5,3334.5,10438
1737932400,3289.5,3289.5,3024.5,3165.5,14053
1738018800,3175.5,3232.5,3054,3054,9536
1738105200,3119,3214,3080.5,3173,6560
1738191600,3170,3316.5,3124.5,3276,6998
1738278000,3290,3473,3237.5,3346,10065
1738537200,2884,2888,2262,2841.5,29205
1738623600,2890,2911,2656,2656.5,9603
1738710000,2701,2843.5,2698,2800.5,4672
1738796400,2774,2875,2687.5,2720.5,4973
1738882800,2717.5,2814.5,2587,2592,7010
1739142000,2629,2707,2571.5,2675,4671
1739228400,2670,2738,2591.5,2628.5,6101
1739314800,2591.5,2705.5,2555,2695,6929
1739401200,2737,2769,2621,2677.5,5703
1739487600,2681,2803,2674.5,2751,6686
1739746800,2696,2859,2608.5,2651,11776
1739919600,2655.5,2742,2655.5,2713,6302
1740006000,2727,2776.5,2710.5,2735.5,4567
1740092400,2738.5,2852,2611,2633.5,16441
1740351600,2796.5,2862.5,2623,2633.5,12143
1740438000,2513,2545,2321.5,2504,16652
1740524400,2520.5,2539,2266,2362.5,11082
1740610800,2359,2387,2237,2293,7769
1740697200,2299,2322.5,2084.5,2239.5,11241
1740956400,2546.5,2566,2105,2120,10388
1741042800,2168,2228,2004,2186,9717
1741129200,2180.5,2282,2164.5,2248.5,6480
1741215600,2250,2329,2183.5,2224,7211
1741302000,2220,2267.5,2110,2151,11332
1741557600,2021.5,2156.5,1814.5,1878,16959
1741644000,1887.5,1968,1755.5,1942.5,11253
1741730400,1948,1962.5,1833.5,1893,8671
1741816800,1901,1934,1824.5,1844,5325
1741903200,1860,1950,1860,1929,6983
1742162400,1896,1956,1874,1936.5,6816
1742248800,1942,1945.5,1872,1907,7172
1742335200,1911,2065.5,1911,2037,12284
1742421600,2052.5,2072.5,1953.5,1979,9451
1742508000,1975,1997.5,1936.5,1975,8436
1742767200,1995,2105,1977.5,2087,12889
1742853600,2087.5,2099.5,2037.5,2066.5,8884
1742940000,2080,2089.5,1991,2024,6508
1743026400,2015,2048.5,1997,2015,3936
1743112800,2025.5,2028,1868,1881,8939
1743372000,1811,1862.5,1776,1827.5,9140
1743458400,1827,1936.5,1822.5,1922.5,9648
1743544800,1925,1966,1860.5,1885.5,8222
1743631200,1870.5,1871.5,1755.5,1805,10263
1743717600,1817,1841.5,1763.5,1824.5,11661
1743976800,1587.5,1641,1423,1572,22081
1744063200,1575.5,1620.5,1457,1479.5,12651
1744149600,1478.5,1680,1387,1675.5,17545
1744236000,1675.5,1690,1474.5,1532,17286
1744322400,1527,1593.5,1507,1577.5,8864
1744581600,1601,1694,1585.5,1639.5,8476
1744668000,1625.5,1663.5,1590,1598.5,5783
1744754400,1602.5,1615.5,1539.5,1573,10546
1744840800,1596,1620,1564,1584,8799
1745186400,1589.5,1660,1564,1577,15575
1745272800,1577,1733.5,1537.5,1700.5,20412
1745359200,1775,1851,1757,1812.5,6879
1745445600,1811,1825,1741,1779.5,4419
1745532000,1778.5,1844.5,1753.5,1819,6467
1745791200,1819.5,1842.5,1758,1800,7878
1745877600,1808,1858,1801,1821.5,6820
1745964000,1812.5,1830.5,1744,1806.5,8267
1746050400,1806,1889.5,1802.5,1853,8765
1746136800,1856,1883,1827,1861.5,5675
1746396000,1850,1850,1789,1816,6223
1746482400,1824,1840.5,1757,1784.5,6170
1746568800,1784,1860,1784,1803.5,10417
1746655200,1809,2208,1806.5,2193.5,19161
1746741600,2190,2501,2178.5,2350,19002
1747000800,2522.5,2633.5,2419.5,2499,17528
1747087200,2486,2751,2427,2701.5,13653
1747173600,2705,2736,2557.5,2615,10929
1747260000,2613.5,2656.5,2487.5,2544.5,11170
1747346400,2543,2655.5,2527,2580.5,8278
1747605600,2426,2554.5,2343.5,2531.5,13552
1747692000,2528,2595.5,2450.5,2518.5,10112
1747778400,2518.5,2624.5,2458,2514,14132
1747864800,2517,2699.5,2514,2649.5,11888
1747951200,2643.5,2740,2507,2546.5,15717
1748210400,2523.5,2719,2513.5,2674.5,21617
1748383200,2691,2714,2635.5,2659,8335
1748469600,2689,2813,2638.5,2664,10045
1748556000,2680,2688.5,2553.5,2598.5,10805
1748815200,2552.5,2582,2488.5,2554.5,8459
1748901600,2571.5,2673,2571,2630.5,7992
1748988000,2610,2697,2600,2619.5,7016
1749074400,2633,2660,2406,2410.5,0
1749160800,2443,2545.5,2395,2511,9510
1749420000,2544,2605,2487,2605,8386
1749506400,2654,2819.5,2653,2788.5,15684
1749592800,2790.5,2891,2768,2825.5,11889
1749679200,2788,2797,2629.5,2651,10691
1749765600,2645.5,2670,2446,2555,23470
1750024800,2527,2687.5,2522.5,2677.5,9650
1750111200,2660,2666,2459.5,2514.5,17794
1750197600,2526.5,2553.5,2471.5,2532,8413
1750284000,2533,2575,2371.5,2429,19257
1750629600,2186,2382,2175,2351.5,21428
1750716000,2346.5,2485,2344,2448,17692
1750802400,2459,2489,2409.5,2451.5,8987
1750888800,2446,2539.5,2426.5,2459.5,5557
1750975200,2428.5,2482,2399,2440.5,6738
1751234400,2455,2542,2446.5,2519,8859
1751320800,2507.5,2515.5,2404.5,2425,8161
1751407200,2415.5,2623,2383.5,2604.5,11755
1751493600,2612.5,2651.5,2571.5,2613,8361
1751580000,2594,2613,2522,2540.5,9134
1751925600,2552,2639.5,2531.5,2610,8031
1752012000,2624,2808,2599,2750,12677
1752098400,2769,2853.5,2769,2830,10604
1752184800,2988,3054,2925,2989,19937
1752444000,2977,3095.5,2950,3019.5,12235
1752530400,3022.5,3109.5,2945,3052,14337
1752616800,3090,3437,3080,3391,22157
1752703200,3384,3495,3324.5,3417,21474
1752789600,3476,3684.5,3461.5,3528.5,25332
1753048800,3780,3865.5,3690,3758.5,22892
1753135200,3756,3805.5,3624,3716.5,26468
1753221600,3758,3809,3585,3609,14157
1753308000,3634,3816.5,3550.5,3781.5,13843
1753394400,3768.5,3790.5,3617.5,3725.5,14012
1753653600,3870,3979,3783,3821,13309
1753740000,3823,3920,3744,3785.5,12876
1753826400,3806,3861.5,3701,3795,11436
1753912800,3788,3907,3736.5,3758.5,11743
1753999200,3741,3748.5,3502.5,3553,22835
1754258400,3515.5,3738.5,3494,3727.5,13571
1754344800,3737,3756.5,3570.5,3593,10079
1754431200,3591,3721,3564,3698.5,9285
1754517600,3691,3908,3665,3900.5,15832
1754604000,3900,4098.5,3896,4080.5,15869
1754863200,4251,4391,4185.5,4274.5,20868
1754949600,4242,4660,4215,4645,18297
1755036000,4616,4781,4587,4745.5,18125
1755122400,4750,4825.5,4486.5,4559,23248
1755208800,4505.5,4696,4384,4448.5,0
1755468000,4496.5,4551,4236.5,4347.5,16484
1755554400,4363,4400,4117.5,4165.5,19803
1755640800,4156,4380.5,4070,4369.5,18472
1755727200,4354.5,4389,4212.5,4246.5,11693
1755813600,4243,4880.5,4212,4858.5,29965
1756072800,4814,4814,4343,4356,31294
1756159200,4363.5,4622.5,4314,4597,23642
1756245600,4650,4702,4550,4630.5,10926
1756332000,4557,4671,4456,4457,11490
1756418400,4512.5,4543,4289.5,4338,14989
1756677600,4480.5,4509.5,4272.5,4325,16807
1756850400,4342,4514.5,4295.5,4488.5,11453
1756936800,4489,4508,4276.5,4321.5,13138
1757023200,4329.5,4510.5,4262.5,4355,18732
1757282400,4306.5,4401.5,4292,4311.5,10835
1757368800,4332,4401.5,4285.5,4315.5,12185
1757455200,4314.5,4472.5,4295.5,4347,16383
1757541600,4360.5,4511,4348.5,4433.5,12313
1757628000,4448,4721.5,4439,4702.5,13937
1757887200,4657,4694.5,4479,4521,14704
1757973600,4536.5,4552.5,4434,4512,8512
1758060000,4518.5,4569,4425,4511.5,15458
1758146400,4544,4660,4541,4621,13776
1758232800,4604,4635.5,4441,4463,14555
1758492000,4461.5,4483,4040,4184.5,22667
1758578400,4191,4233.5,4117.5,4177,19547
1758664800,4215,4239.5,4107.5,4200.5,11299
1758751200,4180,4196,3845.5,3911.5,15734
1758837600,3931.5,4103.5,3879.5,4043.5,16084
1759096800,4078,4269.5,4078,4260,11315
1759183200,4261,4281.5,4119,4224.5,8400
1759269600,4190,4380.5,4150.5,4370.5,11468
1759356000,4344,4557,4340,4533,13589
1759442400,4506,4630,4467.5,4567.5,11709
1759701600,4546,4780,4521,4733,11547
1759788000,4728.5,4799,4476,4540,19551
1759874400,4520,4582,4438.5,4523,9882
1759960800,4549.5,4563,4284.5,4357,16099
1760047200,4366.5,4415.5,3850,3879,22005
1760306400,4133.5,4313,4059.5,4308.5,22005
1760392800,4281.5,4301,3910.5,4138.5,23744
1760479200,4147,4236.5,3944.5,3973,15551
1760565600,3972,4099,3837,3860,17013
1760652000,3896.5,3961.5,3685,3870,18135
1760911200,4004.5,4093,3917.5,4009.5,12755
1760997600,3990.5,4126.5,3851,3966.5,17862
1761084000,3954.5,3961.5,3774.5,3783.5,14729
1761170400,3745.5,3939,3741,3840,10879
1761256800,3840,4041.5,3838,3944.5,11748
1761516000,4078.5,4258.5,4078.5,4137,14959
1761602400,4128.5,4183,3962,3984,19431
1761688800,4011,4058.5,3865.5,3969.5,10367
1761775200,3974.5,3977.5,3690,3773,12357
1761861600,3790.5,3927.5,3779,3919.5,11577
1762124400,3879.5,3939,3570.5,3596,18778
1762210800,3607,3666.5,3073,3226.5,25053
1762297200,3246,3496,3178.5,3451.5,16859
1762383600,3438.5,3472.5,3256.5,3334,10682
1762470000,3332,3485.5,3202.5,3483,11285
1762729200,3599,3670.5,3513.5,3550.5,12586
1762815600,3579.5,3658,3412.5,3420.5,10339
1762902000,3438,3596.5,3376.5,3426.5,12468
1762988400,3420,3571.5,3154,3175,20936
1763074800,3220.5,3270.5,3071.5,3168,18696
1763334000,3092.5,3226,2959.5,3010,17150
1763420400,3018,3175.5,2948,3101,15653
1763506800,3122.5,3128.5,2872,2994.5,19477
1763593200,2991,3065.5,2792.5,2881.5,20488
1763679600,2888,2893,2627.5,2768.5,28362
1763938800,2830,2987.5,2764.5,2960.5,24502
1764025200,2979,2983.5,2866.5,2948.5,8523
1764111600,2984,3059,2900.5,3041,8202
1764198000,3040,3116,3001.5,3066.5,5571
1764543600,3061.5,3061.5,2728,2800,18032
1764630000,2807,3045,2790,3005,16726
1764716400,3023,3178.5,2997.5,3178.5,14427
1764802800,3188,3252.5,3080,3133.5,11503
1764889200,3153,3204.5,2993.5,3023,10947
1765148400,3042,3188,3032.5,3159,10806
1765234800,3143.5,3409,3098.5,3310,14981
1765321200,3338,3461,3297,3349,12945
1765407600,3352.5,3361,3153,3262,13285
1765494000,3247,3275.5,3052.5,3086.5,12130
1765753200,3082,3185.5,2902,2949,15846
1765839600,2953.5,2986,2881,2956.5,10429
1765926000,2960,3034.5,2794.5,2832,15211
1766012400,2839,3002.5,2780,2838,16063
1766098800,2828,2840,2815,2827,525